ticker,market_cap,report_date,net_cash,ocf,revenue_yoy,gross_margin,cash_runway_months
AEYE,94523948.24,2025-02-14,0.0,0.0,,,Infinite
AEYE,94523948.24,2025-05-15,0.0,0.0,,,Infinite
AEYE,94523948.24,2025-08-14,-6383000.0,1215000.0,,77.3,Infinite
AEYE,94523948.24,2025-11-14,-8676000.0,1049000.0,,77.39,Infinite
AEYE,94523948.24,2026-02-14,-7912000.0,2533000.0,,78.94,Infinite
AEYE,94523948.24,2026-05-15,-8380000.0,1260000.0,,78.2,Infinite
AEYE,94523948.24,2026-08-14,-8021000.0,1017000.0,8.71,78.84,Infinite
AIRS,165818977.26,2025-02-14,0.0,0.0,,,Infinite
AIRS,165818977.26,2025-05-15,0.0,0.0,,,Infinite
AIRS,165818977.26,2025-08-14,-77115000.0,4984000.0,,60.92,Infinite
AIRS,165818977.26,2025-11-14,-21894000.0,-225000.0,,57.52,72.1
AIRS,165818977.26,2026-02-14,-75121000.0,-2531000.0,,59.11,10.0
AIRS,165818977.26,2026-05-15,-54326000.0,5271000.0,,60.43,Infinite
AIRS,165818977.26,2026-08-14,-51644000.0,-1238000.0,-2.53,61.38,45.6
AMST,6746346.34,2025-02-14,0.0,0.0,,,Infinite
AMST,6746346.34,2025-05-15,2858963.0,-677093.0,,,12.7
AMST,6746346.34,2025-09-29,2333418.0,-439444.0,,,15.9
AMST,6746346.34,2025-11-14,1830053.0,-415765.0,,,13.2
AMST,6746346.34,2026-02-14,1165369.0,-621084.0,,,5.6
AMST,6746346.34,2026-05-15,640711.0,-449158.0,171.53,,4.3
ANOT.ST,16299775.4,2025-02-14,0.0,0.0,,,Infinite
ANOT.ST,16299775.4,2025-05-15,0.0,0.0,,,Infinite
ANOT.ST,16299775.4,2025-08-14,-12084000.0,-11157000.0,,53.27,0.1
ANOT.ST,16299775.4,2025-11-14,-15830000.0,6494000.0,,39.58,Infinite
ANOT.ST,16299775.4,2026-02-14,-24362000.0,4538000.0,,57.93,Infinite
ANOT.ST,16299775.4,2026-05-15,-29406000.0,-2873000.0,,75.4,2.4
ANOT.ST,16299775.4,2026-08-14,-55275000.0,-10343000.0,64.41,54.25,0.3
ARBE,85360722.33,2025-02-14,0.0,0.0,,,Infinite
ARBE,85360722.33,2025-05-15,0.0,0.0,,,Infinite
ARBE,85360722.33,2025-08-14,-4825000.0,-11776000.0,,-67.52,1.7
ARBE,85360722.33,2025-11-14,-7417000.0,-11147000.0,,-95.67,1.1
ARBE,85360722.33,2026-02-14,-22759000.0,-9016000.0,,-16.59,1.3
ARBE,85360722.33,2026-05-15,-17402000.0,-8637000.0,,-27.55,2.9
ARBE,85360722.33,2026-08-14,-20870000.0,-11931000.0,156.57,-0.85,1.3
ASPO.HE,256296462.02,2025-02-14,0.0,0.0,,,Infinite
ASPO.HE,256296462.02,2025-05-15,-198100000.0,700000.0,,41.55,Infinite
ASPO.HE,256296462.02,2025-08-14,-224200000.0,22800000.0,,37.55,Infinite
ASPO.HE,256296462.02,2026-02-14,-201243000.0,25573000.0,,38.98,Infinite
ASPO.HE,256296462.02,2026-05-15,-161500000.0,-600000.0,-1.64,42.59,251.5
ASPO.HE,256296462.02,2026-08-14,-185000000.0,1000000.0,4.38,42.07,Infinite
ATOM,155315687.9,2025-02-14,0.0,0.0,,,Infinite
ATOM,155315687.9,2025-05-15,0.0,0.0,,,Infinite
ATOM,155315687.9,2025-08-14,20754000.0,-3505000.0,,,18.9
ATOM,155315687.9,2025-11-14,19528000.0,-3362000.0,,-1063.64,18.1
ATOM,155315687.9,2026-02-13,17931000.0,-3222000.0,,-162.0,17.9
ATOM,155315687.9,2026-05-15,12857000.0,-4607000.0,,-1045.45,9.2
ATOM,155315687.9,2026-08-14,13982000.0,-3897000.0,,83.54,11.7
AUST,15336161.19,2025-05-15,0.0,0.0,,,Infinite
AUST,15336161.19,2025-08-14,448765.0,-481901.0,,,2.8
AUST,15336161.19,2025-11-14,363431.0,-490088.0,,,2.2
AUST,15336161.19,2026-03-26,573159.0,-175849.0,,,9.8
AUST,15336161.19,2026-05-15,765529.0,-503612.0,,,4.6
AUST,15336161.19,2026-08-14,373080.0,-575136.0,,,1.9
BICO.ST,162647640.35,2025-02-14,0.0,0.0,,,Infinite
BICO.ST,162647640.35,2025-05-15,-811600000.0,76600000.0,,56.68,Infinite
BICO.ST,162647640.35,2025-08-14,-857700000.0,-28200000.0,,43.92,58.4
BICO.ST,162647640.35,2026-02-18,-89200000.0,51500000.0,,52.16,Infinite
BICO.ST,162647640.35,2026-05-15,53700000.0,47300000.0,-1.43,54.14,Infinite
BICO.ST,162647640.35,2026-08-14,-59100000.0,-53000000.0,3.67,59.27,35.5
CAMP,252895409.17,2025-02-14,0.0,0.0,,,Infinite
CAMP,252895409.17,2025-05-15,0.0,0.0,,,Infinite
CAMP,252895409.17,2025-08-14,31928000.0,-10343000.0,,,11.3
CAMP,252895409.17,2025-11-14,68909000.0,-11217000.0,,,20.1
CAMP,252895409.17,2026-02-14,107543000.0,6293000.0,,,Infinite
CAMP,252895409.17,2026-05-15,97087000.0,-10981000.0,,,27.1
CAMP,252895409.17,2026-08-14,84026000.0,-12686000.0,18.84,,20.4
CINT.ST,216549540.13,2025-02-14,-83704000.0,7329000.0,,88.72,Infinite
CINT.ST,216549540.13,2025-05-15,-12451000.0,10381000.0,,87.49,Infinite
CINT.ST,216549540.13,2025-08-14,-13674000.0,1606000.0,,88.83,Infinite
CINT.ST,216549540.13,2026-02-19,7783000.0,21369000.0,-8.49,87.84,Infinite
CINT.ST,216549540.13,2026-05-15,10169000.0,7789000.0,-5.34,86.41,Infinite
CISO,11153785.69,2025-02-14,0.0,0.0,,,Infinite
CISO,11153785.69,2025-05-15,0.0,0.0,,,Infinite
CISO,11153785.69,2025-08-14,-9675229.0,-2349824.0,,24.38,1.0
CISO,11153785.69,2025-11-14,-1425347.0,-876710.0,,24.87,3.8
CISO,11153785.69,2026-02-14,-1006311.0,-1791860.0,,28.62,2.8
CISO,11153785.69,2026-05-15,-1852695.0,-879816.0,,29.32,2.2
CISO,11153785.69,2026-08-14,-3764945.0,-68599.0,-13.73,24.57,31.6
CODX,6562439.84,2025-03-27,0.0,0.0,,,Infinite
CODX,6562439.84,2025-05-15,0.0,0.0,,,Infinite
CODX,6562439.84,2025-08-14,9411465.0,-8287830.0,,80.29,4.0
CODX,6562439.84,2025-11-14,9971844.0,-5904585.0,,81.92,5.8
CODX,6562439.84,2026-03-31,10648048.0,-6199298.0,,46.05,5.8
CODX,6562439.84,2026-05-15,6200630.0,-7846276.0,,-32.76,3.1
CODX,6562439.84,2026-08-14,1850484.0,-7153044.0,1.98,72.73,1.5
CPHI,30545620.5,2025-02-14,0.0,0.0,,,Infinite
CPHI,30545620.5,2025-05-15,0.0,0.0,,,Infinite
CPHI,30545620.5,2025-08-14,-2800951.0,274307.0,,-8.48,Infinite
CPHI,30545620.5,2025-11-14,-3300178.0,-204360.0,,-7.89,3.9
CPHI,30545620.5,2026-02-14,-3542079.0,151990.0,,12.3,Infinite
CPHI,30545620.5,2026-05-15,-3687628.0,-55292.0,,29.03,9.1
CPHI,30545620.5,2026-08-14,-3751297.0,-32828.0,-7.55,8.81,27.9
CPIX,107728540.19,2025-02-14,0.0,0.0,,,Infinite
CPIX,107728540.19,2025-05-15,0.0,0.0,,,Infinite
CPIX,107728540.19,2025-08-14,5746288.0,843801.0,,2317.76,Infinite
CPIX,107728540.19,2025-11-14,4958799.0,187180.0,,88.08,Infinite
CPIX,107728540.19,2026-03-09,1264221.0,3024.0,,83.61,Infinite
CPIX,107728540.19,2026-05-15,937458.0,387025.0,,78.82,Infinite
CPIX,107728540.19,2026-08-14,-851782.0,168740.0,-56.29,,Infinite
CREX,36386301.91,2025-02-14,0.0,0.0,,,Infinite
CREX,36386301.91,2025-05-15,0.0,0.0,,,Infinite
CREX,36386301.91,2025-08-14,-21435000.0,3222000.0,,38.5,Infinite
CREX,36386301.91,2025-11-14,-23653000.0,-1607000.0,,45.29,0.6
CREX,36386301.91,2026-04-14,-66306000.0,-6916000.0,,47.94,0.7
CREX,36386301.91,2026-05-15,-68295000.0,-1723000.0,,34.23,3.2
CREX,36386301.91,2026-08-14,-56974000.0,2726000.0,65.04,38.58,Infinite
CRNT,192601870.74,2025-02-14,0.0,0.0,,,Infinite
CRNT,192601870.74,2025-05-15,0.0,0.0,,,Infinite
CRNT,192601870.74,2025-08-14,-8335000.0,10762000.0,,34.57,Infinite
CRNT,192601870.74,2025-11-14,-4627000.0,7161000.0,,34.33,Infinite
CRNT,192601870.74,2026-02-14,2036000.0,11023000.0,,33.6,Infinite
CRNT,192601870.74,2026-05-15,5597000.0,6530000.0,,35.38,Infinite
CRNT,192601870.74,2026-08-14,5991000.0,5066000.0,14.16,31.65,Infinite
CSBR,70706329.46,2025-03-17,0.0,0.0,,,Infinite
CSBR,70706329.46,2025-07-23,0.0,0.0,,,Infinite
CSBR,70706329.46,2025-09-14,4575000.0,600000.0,,42.87,Infinite
CSBR,70706329.46,2025-12-15,3247000.0,-1735000.0,,51.7,14.7
CSBR,70706329.46,2026-03-17,2233000.0,-1339000.0,,46.65,16.0
CSBR,70706329.46,2026-07-27,360000.0,-1998000.0,,50.78,7.3
CSBR,70706329.46,2026-09-14,-6163000.0,-492000.0,8.84,50.54,26.6
CTEK.ST,101185000.53,2025-02-14,0.0,0.0,,,Infinite
CTEK.ST,101185000.53,2025-05-15,-285500000.0,8200000.0,,56.39,Infinite
CTEK.ST,101185000.53,2025-08-14,-285200000.0,31200000.0,,56.25,Infinite
CTEK.ST,101185000.53,2026-02-14,-215800000.0,130500000.0,,63.19,Infinite
CTEK.ST,101185000.53,2026-05-15,-162700000.0,61300000.0,-11.84,61.67,Infinite
CTEK.ST,101185000.53,2026-08-14,-145800000.0,25500000.0,-9.32,65.66,Infinite
DETEC.HE,127937959.57,2025-02-06,27767251.0,0.0,,,Infinite
DETEC.HE,127937959.57,2025-05-15,0.0,1425000.0,,44.74,Infinite
DETEC.HE,127937959.57,2025-08-14,20244000.0,458000.0,,45.31,Infinite
DETEC.HE,127937959.57,2026-02-14,20472915.0,1496000.0,,43.45,Infinite
DETEC.HE,127937959.57,2026-05-15,23145000.0,-3418000.0,13.55,45.33,20.3
DETEC.HE,127937959.57,2026-08-14,15821000.0,-610000.0,5.06,43.24,77.8
DIGIA.HE,171705795.84,2025-02-14,-11642000.0,0.0,,22.35,Infinite
DIGIA.HE,171705795.84,2025-08-14,-25022000.0,0.0,,19.21,Infinite
DIGIA.HE,171705795.84,2026-02-14,-23722000.0,0.0,10.49,25.62,Infinite
DIGIA.HE,171705795.84,2026-08-14,-21154000.0,0.0,0.97,18.05,Infinite
DRIO,68498369.95,2025-02-14,0.0,0.0,,,Infinite
DRIO,68498369.95,2025-05-15,0.0,0.0,,,Infinite
DRIO,68498369.95,2025-08-14,-9667000.0,-6031000.0,,55.21,10.9
DRIO,68498369.95,2025-11-14,269000.0,-7350000.0,,60.22,13.0
DRIO,68498369.95,2026-02-14,-9945000.0,-5887000.0,,53.6,11.1
DRIO,68498369.95,2026-05-15,-16839000.0,-6025000.0,,57.31,7.5
DRIO,68498369.95,2026-08-14,-25779000.0,-6083000.0,-3.58,61.66,3.3
DUOT,267516241.5,2025-03-31,0.0,0.0,,,Infinite
DUOT,267516241.5,2025-05-15,0.0,0.0,,,Infinite
DUOT,267516241.5,2025-08-14,-6383807.0,-3202312.0,,37.26,1.4
DUOT,267516241.5,2025-11-14,28530348.0,-3156206.0,,36.59,31.6
DUOT,267516241.5,2026-03-31,10834731.0,-2716280.0,,26.74,17.1
DUOT,267516241.5,2026-05-15,27801532.0,-1361911.0,,59.16,72.8
DUOT,267516241.5,2026-08-14,111355370.0,12722676.0,29.51,55.8,Infinite
EGAN,142372781.98,2025-02-14,0.0,0.0,,,Infinite
EGAN,142372781.98,2025-05-15,0.0,0.0,,,Infinite
EGAN,142372781.98,2025-09-04,59240000.0,-4325000.0,,72.65,43.6
EGAN,142372781.98,2025-11-14,67509000.0,10432000.0,,75.2,Infinite
EGAN,142372781.98,2026-02-14,79547000.0,10108000.0,,73.14,Infinite
EGAN,142372781.98,2026-05-15,77327000.0,-1809000.0,,73.36,133.4
EGAN,142372781.98,2026-09-03,70558000.0,2419000.0,-4.67,71.61,Infinite
ELTK,57597485.34,2025-02-14,0.0,0.0,,,Infinite
ELTK,57597485.34,2025-05-15,0.0,0.0,,,Infinite
ELTK,57597485.34,2025-08-14,-4754000.0,-2935000.0,,24.1,1.8
ELTK,57597485.34,2025-11-14,-4299000.0,2002000.0,,12.03,Infinite
ELTK,57597485.34,2026-02-14,-3915000.0,1952000.0,,8.74,Infinite
ELTK,57597485.34,2026-05-15,-1069000.0,-385000.0,,-17.75,86.1
ELTK,57597485.34,2026-08-14,-3527000.0,674000.0,-7.94,-8.36,Infinite
ENEA.ST,121835782.49,2025-02-14,0.0,0.0,,,Infinite
ENEA.ST,121835782.49,2025-05-15,-165400000.0,35500000.0,,72.49,Infinite
ENEA.ST,121835782.49,2025-08-14,-30300000.0,5200000.0,,76.12,Infinite
ENEA.ST,121835782.49,2025-11-14,0.0,0.0,,,Infinite
ENEA.ST,121835782.49,2026-02-14,-235808000.0,45200000.0,,80.73,Infinite
ENEA.ST,121835782.49,2026-05-15,-284900000.0,14300000.0,11.84,76.97,Infinite
ENEA.ST,121835782.49,2026-08-14,-234400000.0,87800000.0,-0.7,75.69,Infinite
EXEL.HE,113743222.54,2025-02-14,-20673000.0,0.0,,58.36,Infinite
EXEL.HE,113743222.54,2025-05-15,-24101000.0,-3454000.0,,,6.7
EXEL.HE,113743222.54,2025-08-14,-25639000.0,-376000.0,,63.91,58.3
EXEL.HE,113743222.54,2026-02-13,-23661000.0,0.0,15.71,57.41,Infinite
EXEL.HE,113743222.54,2026-08-14,-21936000.0,0.0,39.66,63.65,Infinite
FARON.HE,95894395.61,2025-02-14,-2610000.0,0.0,,,Infinite
FARON.HE,95894395.61,2025-08-14,-8876000.0,0.0,,,Infinite
FARON.HE,95894395.61,2026-03-04,-12363000.0,0.0,,,Infinite
FARON.HE,95894395.61,2026-08-14,14061000.0,0.0,,,Infinite
FLUX,12000011.46,2025-02-14,0.0,0.0,,,Infinite
FLUX,12000011.46,2025-05-15,0.0,0.0,,,Infinite
FLUX,12000011.46,2025-08-14,-14726000.0,-1598000.0,,34.49,2.5
FLUX,12000011.46,2025-11-14,-9934000.0,889000.0,,28.58,Infinite
FLUX,12000011.46,2026-02-14,-4875000.0,-5163000.0,,34.66,0.5
FLUX,12000011.46,2026-05-15,-6163000.0,-1391000.0,,27.32,0.8
FLUX,12000011.46,2026-08-14,-8205000.0,-253000.0,-50.72,27.36,3.6
GLBS,84818444.37,2025-02-14,0.0,533000.0,,,Infinite
GLBS,84818444.37,2025-05-15,-82824000.0,905000.0,,-4.12,Infinite
GLBS,84818444.37,2025-08-14,-83587000.0,264000.0,,7.94,Infinite
GLBS,84818444.37,2025-11-14,-84658000.0,3557000.0,,26.29,Infinite
GLBS,84818444.37,2026-02-14,-82991000.0,6642000.0,,21.01,Infinite
GLBS,84818444.37,2026-08-14,-77023000.0,0.0,53.18,41.74,Infinite
GROW,36648624.31,2025-02-14,0.0,0.0,,,Infinite
GROW,36648624.31,2025-05-15,0.0,0.0,,,Infinite
GROW,36648624.31,2025-09-18,24469000.0,-14000.0,,31.94,5261.1
GROW,36648624.31,2025-11-14,24419000.0,-32000.0,,47.49,2304.9
GROW,36648624.31,2026-02-14,25066000.0,256000.0,,49.36,Infinite
GROW,36648624.31,2026-05-15,24421000.0,295000.0,,58.47,Infinite
GROW,36648624.31,2026-09-03,24182000.0,223000.0,39.13,50.2,Infinite
HOLO,37576270.07,2025-02-14,843718992.0,0.0,,,Infinite
HOLO,37576270.07,2025-08-14,1538407562.0,0.0,,,Infinite
HOLO,37576270.07,2026-02-14,1793350406.0,0.0,,,Infinite
HOLO,37576270.07,2026-08-14,706930894.0,0.0,,,Infinite
IDAI,16410337.29,2025-02-14,0.0,0.0,,,Infinite
IDAI,16410337.29,2025-05-15,0.0,0.0,,,Infinite
IDAI,16410337.29,2025-08-14,-960122.0,-556076.0,,55.36,1.6
IDAI,16410337.29,2025-11-14,2041900.0,-1918146.0,,58.42,8.4
IDAI,16410337.29,2026-02-14,4837944.0,-1670451.0,,60.51,10.8
IDAI,16410337.29,2026-05-15,2734998.0,-1857732.0,,51.85,6.3
IDAI,16410337.29,2026-08-14,97422.0,-2227679.0,10.74,53.5,8.5
IDN,48032178.59,2025-03-31,0.0,0.0,,,Infinite
IDN,48032178.59,2025-05-15,0.0,0.0,,,Infinite
IDN,48032178.59,2025-08-14,8573000.0,3134000.0,,89.79,Infinite
IDN,48032178.59,2025-11-14,7223000.0,-1737000.0,,90.51,12.5
IDN,48032178.59,2026-03-19,9650000.0,2394000.0,,91.41,Infinite
IDN,48032178.59,2026-05-15,10062000.0,445000.0,,90.97,Infinite
IDN,48032178.59,2026-08-14,11837000.0,1797000.0,15.97,91.3,Infinite
IPDN,1656968.91,2025-02-14,0.0,0.0,,,Infinite
IPDN,1656968.91,2025-05-15,0.0,0.0,,,Infinite
IPDN,1656968.91,2025-08-14,-108116.0,-495520.0,,43.42,0.8
IPDN,1656968.91,2025-11-14,55641.0,-2716012.0,,44.05,0.3
IPDN,1656968.91,2026-02-14,31889.0,1408020.0,,33.66,Infinite
IPDN,1656968.91,2026-05-15,-125435.0,-362246.0,,34.54,0.3
IPDN,1656968.91,2026-08-14,6986.0,-592816.0,-28.04,39.11,0.7
IZEA,45978996.87,2025-02-14,0.0,0.0,,,Infinite
IZEA,45978996.87,2025-05-15,0.0,0.0,,,Infinite
IZEA,45978996.87,2025-08-14,50609289.0,-762144.0,,51.97,199.3
IZEA,45978996.87,2025-11-14,51372004.0,1189977.0,,48.56,Infinite
IZEA,45978996.87,2026-03-17,50877744.0,-5247.0,,45.8,29094.8
IZEA,45978996.87,2026-05-15,46499987.0,-3988329.0,,44.78,35.0
IZEA,45978996.87,2026-08-14,46600679.0,1257873.0,-36.42,37.96,Infinite
JAKK,278457141.09,2025-02-14,0.0,0.0,,,Infinite
JAKK,278457141.09,2025-05-15,0.0,0.0,,,Infinite
JAKK,278457141.09,2025-08-14,-18091000.0,-14231000.0,,32.77,8.1
JAKK,278457141.09,2025-11-14,-30730000.0,-8822000.0,,32.03,8.8
JAKK,278457141.09,2026-02-14,-1165000.0,33245000.0,,31.0,Infinite
JAKK,278457141.09,2026-05-15,12821000.0,21795000.0,,33.38,Infinite
JAKK,278457141.09,2026-08-14,12889000.0,4354000.0,16.91,32.29,Infinite
KAMUX.HE,66548123.66,2025-02-14,0.0,0.0,,,Infinite
KAMUX.HE,66548123.66,2025-05-15,0.0,0.0,,,Infinite
KAMUX.HE,66548123.66,2025-08-14,-61500000.0,-7700000.0,,11.48,2.9
KAMUX.HE,66548123.66,2025-11-14,-47700000.0,17200000.0,,10.75,Infinite
KAMUX.HE,66548123.66,2026-02-14,-33700000.0,18800000.0,,8.48,Infinite
KAMUX.HE,66548123.66,2026-05-15,-44800000.0,-7000000.0,,9.02,2.5
KAMUX.HE,66548123.66,2026-08-14,-49500000.0,-3200000.0,6.67,9.22,8.2
KNOW.ST,263032059.38,2025-02-14,0.0,0.0,,,Infinite
KNOW.ST,263032059.38,2025-05-15,-625500000.0,36100000.0,,,Infinite
KNOW.ST,263032059.38,2025-08-14,-646900000.0,44600000.0,,,Infinite
KNOW.ST,263032059.38,2026-02-14,-428257000.0,281600000.0,,,Infinite
KNOW.ST,263032059.38,2026-05-15,-338600000.0,100200000.0,-9.01,,Infinite
KNOW.ST,263032059.38,2026-08-14,-528000000.0,14100000.0,-3.84,,Infinite
KVHI,130433517.82,2025-02-14,0.0,0.0,,,Infinite
KVHI,130433517.82,2025-05-15,0.0,0.0,,,Infinite
KVHI,130433517.82,2025-08-14,54718000.0,5096000.0,,34.32,Infinite
KVHI,130433517.82,2025-11-14,68196000.0,9896000.0,,6.72,Infinite
KVHI,130433517.82,2026-03-10,65522000.0,3393000.0,,31.24,Infinite
KVHI,130433517.82,2026-05-15,54865000.0,-8259000.0,,29.58,21.5
KVHI,130433517.82,2026-08-14,53065000.0,1877000.0,26.67,30.63,Infinite
LAKE,104179817.27,2025-03-17,0.0,0.0,,,Infinite
LAKE,104179817.27,2025-06-14,0.0,0.0,,,Infinite
LAKE,104179817.27,2025-09-14,-24741000.0,-4819000.0,,35.85,11.0
LAKE,104179817.27,2025-12-15,-35018000.0,-7930000.0,,29.7,6.5
LAKE,104179817.27,2026-03-17,-34778000.0,1840000.0,,32.15,Infinite
LAKE,104179817.27,2026-06-14,-23893000.0,5801000.0,,31.39,Infinite
LAKE,104179817.27,2026-09-14,-21037000.0,-404000.0,-4.49,36.98,132.9
LPSN,38245620.7,2025-02-14,0.0,0.0,,,Infinite
LPSN,38245620.7,2025-05-15,0.0,0.0,,,Infinite
LPSN,38245620.7,2025-08-14,-375903000.0,-11676000.0,,69.73,41.6
LPSN,38245620.7,2025-11-14,-275750000.0,-6009000.0,,71.38,53.3
LPSN,38245620.7,2026-02-14,-296780000.0,-9654000.0,,73.15,29.5
LPSN,38245620.7,2026-05-15,-292295000.0,9544000.0,,72.74,Infinite
LPSN,38245620.7,2026-08-14,-301894000.0,1242000.0,-11.92,69.93,Infinite
LTRX,271824923.86,2025-02-14,0.0,0.0,,,Infinite
LTRX,271824923.86,2025-05-15,0.0,0.0,,,Infinite
LTRX,271824923.86,2025-08-29,-1061000.0,1052000.0,,40.0,Infinite
LTRX,271824923.86,2025-11-14,2453000.0,3605000.0,,44.79,Infinite
LTRX,271824923.86,2026-02-14,4654000.0,2178000.0,,43.55,Infinite
LTRX,271824923.86,2026-05-15,6640000.0,2167000.0,,43.1,Infinite
LTRX,271824923.86,2026-08-27,52175000.0,1927000.0,8.03,43.67,Infinite
LUC.ST,188475815.04,2025-02-14,0.0,0.0,,,Infinite
LUC.ST,188475815.04,2025-05-15,0.0,0.0,,,Infinite
LUC.ST,188475815.04,2025-08-14,-212914000.0,8461000.0,,47.83,Infinite
LUC.ST,188475815.04,2025-11-14,-228162000.0,15073000.0,,38.63,Infinite
LUC.ST,188475815.04,2026-02-14,-232050000.0,25794000.0,,3.6,Infinite
LUC.ST,188475815.04,2026-05-15,-230052000.0,-8594000.0,,-25.06,54.7
LUC.ST,188475815.04,2026-08-14,-219757000.0,5433000.0,-6.04,51.99,Infinite
MIND,37810467.41,2025-03-17,0.0,0.0,,,Infinite
MIND,37810467.41,2025-06-14,0.0,0.0,,,Infinite
MIND,37810467.41,2025-09-14,6991000.0,-1159000.0,,50.36,20.3
MIND,37810467.41,2025-12-15,18120000.0,894000.0,,46.58,Infinite
MIND,37810467.41,2026-03-17,17958000.0,-1217000.0,,40.74,47.0
MIND,37810467.41,2026-06-14,16746000.0,-1346000.0,,42.36,39.4
MIND,37810467.41,2026-09-14,14919000.0,-1790000.0,-58.54,37.18,26.4
MNDR,1720134.79,2025-02-14,2317656.0,0.0,,,Infinite
MNDR,1720134.79,2025-08-14,0.0,0.0,,,Infinite
MNDR,1720134.79,2026-02-14,3364024.0,0.0,,,Infinite
MOB.ST,50998808.78,2025-02-14,0.0,0.0,,,Infinite
MOB.ST,50998808.78,2025-05-15,0.0,0.0,,,Infinite
MOB.ST,50998808.78,2025-08-14,251393000.0,-2031000.0,,47.19,376.3
MOB.ST,50998808.78,2025-11-14,233241000.0,-8257000.0,,60.37,85.8
MOB.ST,50998808.78,2026-02-17,227702000.0,1518000.0,,48.36,Infinite
MOB.ST,50998808.78,2026-05-15,220360000.0,-3461000.0,,66.18,192.9
MOB.ST,50998808.78,2026-08-14,210707000.0,-3249000.0,60.34,65.35,196.1
MSAB-B.ST,175146475.36,2025-02-14,0.0,0.0,,,Infinite
MSAB-B.ST,175146475.36,2025-05-15,81100000.0,-3000000.0,,29.44,127.0
MSAB-B.ST,175146475.36,2025-08-14,47900000.0,10500000.0,,11.55,Infinite
MSAB-B.ST,175146475.36,2026-01-27,143265000.0,91200000.0,,44.17,Infinite
MSAB-B.ST,175146475.36,2026-05-15,69300000.0,1500000.0,7.55,21.94,Infinite
MSAB-B.ST,175146475.36,2026-08-14,72000000.0,22800000.0,52.17,35.84,Infinite
MVIS,49859830.24,2025-02-14,0.0,0.0,,,Infinite
MVIS,49859830.24,2025-05-15,0.0,0.0,,,Infinite
MVIS,49859830.24,2025-08-14,23132000.0,-12729000.0,,-361.94,17.5
MVIS,49859830.24,2025-11-14,26236000.0,-16488000.0,,-297.1,13.3
MVIS,49859830.24,2026-02-14,-4405000.0,-15405000.0,,-7220.63,6.3
MVIS,49859830.24,2026-05-15,-7299000.0,-16443000.0,,38.82,8.4
MVIS,49859830.24,2026-08-14,-18243000.0,-19145000.0,850.32,43.58,4.3
NIL-B.ST,87667984.36,2025-02-14,19250000.0,32042000.0,,46.24,Infinite
NIL-B.ST,87667984.36,2025-05-15,3746000.0,-4125000.0,,44.76,71.7
NIL-B.ST,87667984.36,2025-08-14,9758000.0,33945000.0,,44.82,Infinite
NIL-B.ST,87667984.36,2025-11-14,0.0,0.0,,,Infinite
NIL-B.ST,87667984.36,2026-02-12,37310000.0,30459000.0,-5.56,47.2,Infinite
NIL-B.ST,87667984.36,2026-05-15,-83144000.0,-160000.0,-15.86,48.38,1913.2
NNBR,278296093.57,2025-02-14,0.0,0.0,,,Infinite
NNBR,278296093.57,2025-05-15,0.0,0.0,,,Infinite
NNBR,278296093.57,2025-08-14,-195698000.0,-696000.0,,16.88,41.1
NNBR,278296093.57,2025-11-14,-187186000.0,11165000.0,,16.82,Infinite
NNBR,278296093.57,2026-02-14,-191694000.0,-1453000.0,,9.19,23.5
NNBR,278296093.57,2026-05-15,-202907000.0,-8621000.0,,16.4,2.9
NNBR,278296093.57,2026-08-14,-189937000.0,20419000.0,19.29,16.99,Infinite
NTIC,75116831.04,2025-04-14,0.0,0.0,,,Infinite
NTIC,75116831.04,2025-07-15,-3740439.0,609709.0,,38.4,Infinite
NTIC,75116831.04,2025-10-15,-5898788.0,-1365495.0,,37.9,15.9
NTIC,75116831.04,2026-01-14,-6574136.0,341908.0,,35.97,Infinite
NTIC,75116831.04,2026-04-14,-8609523.0,-1723688.0,,35.72,11.3
NTIC,75116831.04,2026-07-15,-8476652.0,623208.0,12.59,33.63,Infinite
NXGL,2524644.75,2025-02-14,0.0,0.0,,,Infinite
NXGL,2524644.75,2025-05-15,0.0,0.0,,,Infinite
NXGL,2524644.75,2025-08-14,-1930000.0,-407000.0,,43.62,5.3
NXGL,2524644.75,2025-11-14,-2254000.0,-785000.0,,42.37,3.6
NXGL,2524644.75,2026-02-14,-2771000.0,281000.0,,29.29,Infinite
NXGL,2524644.75,2026-05-15,-4078000.0,-504000.0,,40.04,1.2
NXGL,2524644.75,2026-08-14,-6966000.0,-2197000.0,27.81,30.09,0.7
OPTT,17378931.57,2025-03-17,0.0,0.0,,,Infinite
OPTT,17378931.57,2025-06-14,0.0,0.0,,,Infinite
OPTT,17378931.57,2025-09-14,1166000.0,-5605000.0,,-1.95,5.3
OPTT,17378931.57,2025-12-15,-1187000.0,-7531000.0,,-325.47,4.6
OPTT,17378931.57,2026-03-17,-1499000.0,-6788000.0,,-147.17,3.1
OPTT,17378931.57,2026-06-14,-3748000.0,-851000.0,,-232.57,30.7
OPTT,17378931.57,2026-09-14,-2462000.0,-10240000.0,44.08,-166.24,2.2
OSS,226206971.49,2025-02-14,0.0,0.0,,,Infinite
OSS,226206971.49,2025-05-15,0.0,0.0,,,Infinite
OSS,226206971.49,2025-08-14,2978297.0,884.0,,41.35,Infinite
OSS,226206971.49,2025-11-14,8880.0,-3421315.0,,35.68,5.7
OSS,226206971.49,2026-03-18,29705921.0,-1625472.0,,,57.5
OSS,226206971.49,2026-05-15,22922884.0,4041908.0,,51.65,Infinite
OSS,226206971.49,2026-08-14,15912005.0,-4828320.0,62.28,39.05,10.7
OSUR,240700508.89,2025-02-14,0.0,0.0,,,Infinite
OSUR,240700508.89,2025-05-15,0.0,0.0,,,Infinite
OSUR,240700508.89,2025-08-14,220453000.0,-10223000.0,,42.12,68.8
OSUR,240700508.89,2025-11-14,203013000.0,-10071000.0,,43.46,64.5
OSUR,240700508.89,2026-02-14,186081000.0,-8996000.0,,40.98,66.5
OSUR,240700508.89,2026-05-15,164305000.0,-13895000.0,,42.27,38.2
OSUR,240700508.89,2026-08-14,148488000.0,-9921000.0,-1.93,43.46,48.6
PAVM,39075424.0,2025-02-14,0.0,0.0,,,Infinite
PAVM,39075424.0,2025-05-15,0.0,0.0,,,Infinite
PAVM,39075424.0,2025-08-14,-5306000.0,-1178000.0,,-583.33,10.2
PAVM,39075424.0,2025-11-14,-6177000.0,-896000.0,,-1000.0,10.4
PAVM,39075424.0,2026-02-14,-11810000.0,-1551000.0,,-63.46,3.0
PAVM,39075424.0,2026-05-15,-10550000.0,-2620000.0,,-340.91,7.4
PAVM,39075424.0,2026-08-14,-13284000.0,-2663000.0,450.0,-269.7,4.3
PCELL.ST,120746147.94,2025-02-14,0.0,0.0,,,Infinite
PCELL.ST,120746147.94,2025-05-15,117237000.0,-79310000.0,,37.12,5.3
PCELL.ST,120746147.94,2025-08-14,49784000.0,6929000.0,,61.64,Infinite
PCELL.ST,120746147.94,2026-02-04,59768000.0,101826000.0,,35.18,Infinite
PCELL.ST,120746147.94,2026-05-15,6437000.0,-92681000.0,-36.65,22.38,0.8
PCELL.ST,120746147.94,2026-08-14,-16480000.0,4601000.0,-71.54,10.44,Infinite
PDEX,222567657.07,2025-02-14,0.0,0.0,,,Infinite
PDEX,222567657.07,2025-05-15,0.0,0.0,,,Infinite
PDEX,222567657.07,2025-08-14,-16158000.0,-173000.0,,19.96,7.3
PDEX,222567657.07,2025-11-14,-13281000.0,2310000.0,,28.96,Infinite
PDEX,222567657.07,2026-02-14,-2940000.0,3572000.0,,30.77,Infinite
PDEX,222567657.07,2026-05-15,-9341000.0,1633000.0,,30.74,Infinite
PDEX,222567657.07,2026-08-14,-10750000.0,-273000.0,16.64,34.75,90.0
PIHLIS.HE,287766147.57,2025-02-14,0.0,0.0,,,Infinite
PIHLIS.HE,287766147.57,2025-05-15,-174000000.0,25800000.0,,70.51,Infinite
PIHLIS.HE,287766147.57,2025-08-14,-156400000.0,25200000.0,,71.28,Infinite
PIHLIS.HE,287766147.57,2025-11-14,0.0,0.0,,,Infinite
PIHLIS.HE,287766147.57,2026-02-14,-271212000.0,17300000.0,,70.91,Infinite
PIHLIS.HE,287766147.57,2026-05-15,-180200000.0,18300000.0,-21.66,68.68,Infinite
PIHLIS.HE,287766147.57,2026-08-14,-173700000.0,18200000.0,-20.67,69.39,Infinite
PPSI,37737505.46,2025-02-14,0.0,0.0,,,Infinite
PPSI,37737505.46,2025-05-15,0.0,0.0,,,Infinite
PPSI,37737505.46,2025-08-14,17150000.0,-5465000.0,,15.7,9.9
PPSI,37737505.46,2025-11-14,16584000.0,-817000.0,,9.29,63.7
PPSI,37737505.46,2026-02-14,13458000.0,-1038000.0,,23.52,43.2
PPSI,37737505.46,2026-05-15,12156000.0,-887000.0,,13.64,45.9
PPSI,37737505.46,2026-08-14,9331000.0,-2739000.0,-40.04,19.61,11.7
PRIC-B.ST,68234911.66,2025-02-14,0.0,0.0,,,Infinite
PRIC-B.ST,68234911.66,2025-05-15,3000000.0,0.0,,23.26,Infinite
PRIC-B.ST,68234911.66,2025-08-14,-103800000.0,-86700000.0,,19.01,8.3
PRIC-B.ST,68234911.66,2025-11-14,0.0,-33600000.0,,,0.0
PRIC-B.ST,68234911.66,2026-02-05,-43800000.0,163900000.0,,22.67,Infinite
PRIC-B.ST,68234911.66,2026-05-15,-4500000.0,52700000.0,-7.69,25.28,Infinite
PRIC-B.ST,68234911.66,2026-08-14,-6700000.0,10300000.0,8.4,28.06,Infinite
PRSO,7257821.6,2025-02-14,0.0,0.0,,,Infinite
PRSO,7257821.6,2025-05-15,0.0,0.0,,,Infinite
PRSO,7257821.6,2025-08-14,1530000.0,-2041000.0,,48.33,2.6
PRSO,7257821.6,2025-11-14,1673000.0,-1548000.0,,56.18,3.6
PRSO,7257821.6,2026-02-14,2694000.0,-1055000.0,,52.16,8.2
PRSO,7257821.6,2026-05-15,2513000.0,-2349000.0,,61.47,3.4
PRSO,7257821.6,2026-08-14,3194000.0,-1574000.0,-41.13,63.73,6.3
PSTV,26640680.6,2025-02-14,0.0,0.0,,,Infinite
PSTV,26640680.6,2025-05-15,0.0,0.0,,,Infinite
PSTV,26640680.6,2025-08-14,2203000.0,-5798000.0,,,1.2
PSTV,26640680.6,2025-11-14,13268000.0,-2548000.0,,,15.6
PSTV,26640680.6,2026-02-14,3435000.0,-6257000.0,,,2.0
PSTV,26640680.6,2026-05-15,2297000.0,-6238000.0,,,1.5
PSTV,26640680.6,2026-08-14,2322000.0,-7132000.0,,,1.0
QUIK,192702643.71,2025-02-14,0.0,0.0,,,Infinite
QUIK,192702643.71,2025-05-15,0.0,0.0,,,Infinite
QUIK,192702643.71,2025-08-14,1433000.0,628000.0,,25.87,Infinite
QUIK,192702643.71,2025-11-14,51000.0,131000.0,,-23.26,Infinite
QUIK,192702643.71,2026-03-03,597000.0,-1895000.0,,18.08,29.8
QUIK,192702643.71,2026-05-15,2563000.0,721000.0,,36.47,Infinite
QUIK,192702643.71,2026-08-14,10599000.0,1469000.0,48.68,43.91,Infinite
RAIL.ST,74744519.0,2025-02-14,0.0,0.0,,,Infinite
RAIL.ST,74744519.0,2025-05-15,0.0,0.0,,,Infinite
RAIL.ST,74744519.0,2025-08-14,-605045000.0,33173000.0,,23.42,Infinite
RAIL.ST,74744519.0,2025-11-14,-554434000.0,59213000.0,,28.81,Infinite
RAIL.ST,74744519.0,2026-02-14,-569853000.0,72153000.0,,22.01,Infinite
RAIL.ST,74744519.0,2026-05-15,-578440000.0,4906000.0,,25.38,Infinite
RAIL.ST,74744519.0,2026-08-14,-557651000.0,47930000.0,7.94,21.11,Infinite
RAUTE.HE,102476376.21,2025-02-14,0.0,0.0,,,Infinite
RAUTE.HE,102476376.21,2025-05-15,53537000.0,0.0,,51.43,Infinite
RAUTE.HE,102476376.21,2025-08-14,28575000.0,0.0,,51.79,Infinite
RAUTE.HE,102476376.21,2026-02-12,37973000.0,0.0,,66.93,Infinite
RAUTE.HE,102476376.21,2026-05-15,31805000.0,0.0,-35.51,62.68,Infinite
RAUTE.HE,102476376.21,2026-08-14,14891000.0,0.0,-24.64,63.51,Infinite
RDCM,177259414.98,2025-02-14,0.0,0.0,,,Infinite
RDCM,177259414.98,2025-05-15,0.0,0.0,,,Infinite
RDCM,177259414.98,2025-08-14,18364000.0,0.0,,75.27,Infinite
RDCM,177259414.98,2025-11-14,12549000.0,0.0,,76.27,Infinite
RDCM,177259414.98,2026-02-14,27252000.0,0.0,,76.83,Infinite
RDCM,177259414.98,2026-05-15,7990000.0,0.0,,75.72,Infinite
RDCM,177259414.98,2026-08-14,9756000.0,0.0,-33.4,75.08,Infinite
REFR,13598436.04,2025-02-14,0.0,0.0,,,Infinite
REFR,13598436.04,2025-05-15,0.0,0.0,,,Infinite
REFR,13598436.04,2025-08-14,41914.0,-78430.0,,,48.7
REFR,13598436.04,2025-11-14,-69224.0,-143513.0,,,23.6
REFR,13598436.04,2026-02-14,-501986.0,-465947.0,,,4.3
REFR,13598436.04,2026-05-15,148571.0,-759931.0,,,5.1
REFR,13598436.04,2026-08-14,-6589.0,-191307.0,-33.53,,17.1
REKR,59183693.83,2025-02-14,0.0,0.0,,,Infinite
REKR,59183693.83,2025-05-15,0.0,0.0,,,Infinite
REKR,59183693.83,2025-08-14,-25109000.0,-7655000.0,,49.47,1.9
REKR,59183693.83,2025-11-14,-26752000.0,-4848000.0,,63.4,2.0
REKR,59183693.83,2026-02-14,-13174000.0,210000.0,,59.22,Infinite
REKR,59183693.83,2026-05-15,-17245000.0,-3745000.0,,52.46,9.8
REKR,59183693.83,2026-08-14,-16779000.0,-2387000.0,2.45,56.16,12.3
RIME,3737829.68,2025-02-14,0.0,0.0,,,Infinite
RIME,3737829.68,2025-05-15,0.0,0.0,,,Infinite
RIME,3737829.68,2025-08-14,-1645000.0,-732000.0,,-29.51,4.6
RIME,3737829.68,2025-11-14,-3546000.0,-1237000.0,,-20.13,6.9
RIME,3737829.68,2026-02-14,-9770000.0,-2966000.0,,-44.94,1.7
RIME,3737829.68,2026-05-15,-4099000.0,-3922000.0,,-28.21,5.9
RIME,3737829.68,2026-08-14,-4047000.0,-2670000.0,160.85,-19.73,5.6
RMTI,31880977.53,2025-02-14,0.0,0.0,,,Infinite
RMTI,31880977.53,2025-05-15,0.0,0.0,,,Infinite
RMTI,31880977.53,2025-08-14,-1525000.0,1844000.0,,15.57,Infinite
RMTI,31880977.53,2025-11-14,485000.0,-1307000.0,,14.27,31.2
RMTI,31880977.53,2026-02-14,-1761000.0,2291000.0,,21.14,Infinite
RMTI,31880977.53,2026-05-15,-4781000.0,-167000.0,,16.71,172.6
RMTI,31880977.53,2026-08-14,-3414000.0,2080000.0,10.63,18.24,Infinite
SEDANA.ST,106767866.2,2025-02-14,0.0,0.0,,,Infinite
SEDANA.ST,106767866.2,2025-05-15,160249000.0,6043000.0,,70.71,Infinite
SEDANA.ST,106767866.2,2025-08-14,125834000.0,-12474000.0,,70.24,31.4
SEDANA.ST,106767866.2,2026-02-12,86283000.0,-5246000.0,,72.66,52.0
SEDANA.ST,106767866.2,2026-05-15,73118000.0,2724000.0,-7.08,70.7,Infinite
SEDANA.ST,106767866.2,2026-08-14,44471000.0,-7706000.0,-1.39,72.98,20.2
SEZI.ST,46091521.37,2025-02-14,0.0,0.0,,,Infinite
SEZI.ST,46091521.37,2025-05-15,40651000.0,-32299000.0,,44.26,5.8
SEZI.ST,46091521.37,2025-08-14,117221000.0,-25348000.0,,42.49,15.6
SEZI.ST,46091521.37,2026-02-18,59961000.0,-27688000.0,,7.61,8.0
SEZI.ST,46091521.37,2026-05-15,33564000.0,-23029000.0,-1.13,41.65,7.2
SEZI.ST,46091521.37,2026-08-14,15742000.0,-13684000.0,-3.99,44.05,8.1
SGRP,19311021.0,2025-02-14,0.0,0.0,,,Infinite
SGRP,19311021.0,2025-05-15,0.0,0.0,,,Infinite
SGRP,19311021.0,2025-08-14,-13502000.0,-7856000.0,,23.46,5.3
SGRP,19311021.0,2025-11-14,-18029000.0,-4062000.0,,18.57,6.1
SGRP,19311021.0,2026-02-14,-24002000.0,-2481000.0,,-10.61,3.9
SGRP,19311021.0,2026-05-15,-26478000.0,-3918000.0,,22.32,3.3
SGRP,19311021.0,2026-08-14,-32318000.0,-4784000.0,-4.46,22.78,1.8
SLNH,291062798.25,2025-02-14,0.0,0.0,,,Infinite
SLNH,291062798.25,2025-05-15,0.0,0.0,,,Infinite
SLNH,291062798.25,2025-08-14,-13681000.0,-1096000.0,,19.29,27.0
SLNH,291062798.25,2025-11-14,24439000.0,-2206000.0,,27.68,69.9
SLNH,291062798.25,2026-02-14,47158000.0,-5670000.0,,19.18,40.4
SLNH,291062798.25,2026-05-15,40580000.0,-6372000.0,,20.39,32.3
SLNH,291062798.25,2026-08-14,74069000.0,-5183000.0,144.56,5.09,65.6
SOBR,738047.74,2025-02-14,0.0,0.0,,,Infinite
SOBR,738047.74,2025-05-15,0.0,0.0,,,Infinite
SOBR,738047.74,2025-08-14,8278327.0,-1607706.0,,57.45,15.8
SOBR,738047.74,2025-11-14,4367606.0,-2017323.0,,34.77,7.0
SOBR,738047.74,2026-02-14,4535904.0,-1627441.0,,63.03,8.8
SOBR,738047.74,2026-05-15,2006324.0,-2591201.0,,56.86,2.4
SOBR,738047.74,2026-08-14,359692.0,-1768405.0,-72.1,-403.52,0.7
SPCB,61422818.88,2025-05-15,-7936000.0,0.0,,63.28,Infinite
SPCB,61422818.88,2025-08-14,-9379000.0,0.0,,59.08,Infinite
SSH1V.HE,136432615.55,2025-02-14,805624.0,0.0,,100.0,Infinite
SSH1V.HE,136432615.55,2025-08-14,-600000.0,0.0,,100.0,Infinite
SSH1V.HE,136432615.55,2026-02-14,9667762.0,0.0,-20.59,100.0,Infinite
SSH1V.HE,136432615.55,2026-08-14,4400000.0,0.0,5.56,100.0,Infinite
STEM,45438229.66,2025-02-14,0.0,0.0,,,Infinite
STEM,45438229.66,2025-05-15,0.0,0.0,,,Infinite
STEM,45438229.66,2025-08-14,-280749000.0,-21278000.0,,33.36,5.8
STEM,45438229.66,2025-11-14,-278530000.0,11387000.0,,35.52,Infinite
STEM,45438229.66,2026-02-14,-276332000.0,8216000.0,,48.87,Infinite
STEM,45438229.66,2026-05-15,-292480000.0,-8317000.0,,37.44,13.2
STEM,45438229.66,2026-08-14,-290874000.0,342000.0,-12.3,41.26,Infinite
STIL.ST,221281908.86,2025-02-14,-63089000.0,0.0,,,Infinite
STIL.ST,221281908.86,2025-05-15,148611000.0,14123000.0,,51.06,Infinite
STIL.ST,221281908.86,2025-08-14,164510000.0,15116000.0,,52.07,Infinite
STIL.ST,221281908.86,2026-02-12,-4603000.0,-3419000.0,,51.09,104.1
STIL.ST,221281908.86,2026-05-15,138218000.0,27949000.0,38.5,49.07,Infinite
STIL.ST,221281908.86,2026-08-14,149359000.0,29305000.0,49.85,48.45,Infinite
TC,52317431.6,2025-02-14,-43875000.0,0.0,,,Infinite
TC,52317431.6,2025-08-14,-40631000.0,0.0,,,Infinite
TC,52317431.6,2026-02-14,976000.0,0.0,,,Infinite
TOBII.ST,25642863.67,2025-02-14,0.0,0.0,,,Infinite
TOBII.ST,25642863.67,2025-05-15,-321000000.0,52000000.0,,76.77,Infinite
TOBII.ST,25642863.67,2025-08-14,-241000000.0,118000000.0,,83.45,Infinite
TOBII.ST,25642863.67,2026-02-14,-481000000.0,90000000.0,,77.72,Infinite
TOBII.ST,25642863.67,2026-05-15,-487000000.0,45000000.0,-17.17,84.15,Infinite
TOBII.ST,25642863.67,2026-08-14,-510000000.0,22000000.0,-45.77,81.82,Infinite
TPST,14803091.15,2025-02-14,0.0,0.0,,,Infinite
TPST,14803091.15,2025-05-15,0.0,0.0,,,Infinite
TPST,14803091.15,2025-08-14,5617000.0,-8431000.0,,,5.1
TPST,14803091.15,2025-11-14,-891000.0,-6779000.0,,,3.3
TPST,14803091.15,2026-02-14,-434000.0,-3574000.0,,,6.5
TPST,14803091.15,2026-05-15,-6049000.0,-7598000.0,,,0.7
TPST,14803091.15,2026-08-14,-6781000.0,-2779000.0,,,0.8
TRDA,268663019.81,2025-02-14,0.0,0.0,,,Infinite
TRDA,268663019.81,2025-05-15,0.0,0.0,,,Infinite
TRDA,268663019.81,2025-08-14,17739000.0,-29489000.0,,,7.4
TRDA,268663019.81,2025-11-14,40886000.0,-28313000.0,,,9.9
TRDA,268663019.81,2026-02-14,39462000.0,-32203000.0,,,8.4
TRDA,268663019.81,2026-05-15,26694000.0,-41695000.0,,,5.5
TRDA,268663019.81,2026-08-14,50736000.0,-32463000.0,-53.95,,9.2
TRT,113564482.14,2025-02-14,0.0,0.0,,,Infinite
TRT,113564482.14,2025-05-15,9141000.0,781000.0,,26.76,Infinite
TRT,113564482.14,2025-09-29,9158000.0,-664000.0,,24.63,49.2
TRT,113564482.14,2025-11-14,10207000.0,933000.0,,16.66,Infinite
TRT,113564482.14,2026-02-14,8858000.0,134000.0,,15.97,Infinite
TRT,113564482.14,2026-05-15,9584000.0,1251000.0,123.61,15.47,Infinite
TZOO,59377603.09,2025-02-14,0.0,0.0,,,Infinite
TZOO,59377603.09,2025-05-15,0.0,0.0,,,Infinite
TZOO,59377603.09,2025-08-14,3021000.0,1298000.0,,78.4,Infinite
TZOO,59377603.09,2025-11-14,1939000.0,-373000.0,,79.64,68.3
TZOO,59377603.09,2026-02-14,4012000.0,1452000.0,,78.0,Infinite
TZOO,59377603.09,2026-05-15,3948000.0,3851000.0,,78.43,Infinite
TZOO,59377603.09,2026-08-14,738000.0,-1665000.0,-2.92,69.39,12.3
UEIC,68806233.05,2025-02-14,0.0,0.0,,,Infinite
UEIC,68806233.05,2025-05-15,0.0,0.0,,,Infinite
UEIC,68806233.05,2025-08-14,-7765000.0,8721000.0,,29.89,Infinite
UEIC,68806233.05,2025-11-14,2675000.0,10132000.0,,27.74,Infinite
UEIC,68806233.05,2026-02-14,-1179000.0,-4211000.0,,29.7,23.0
UEIC,68806233.05,2026-05-15,-3424000.0,-781000.0,,26.06,114.6
UEIC,68806233.05,2026-08-14,2117000.0,6302000.0,-25.01,35.37,Infinite
USAU,251731529.92,2025-03-17,0.0,0.0,,,Infinite
USAU,251731529.92,2025-06-14,0.0,0.0,,,Infinite
USAU,251731529.92,2025-09-14,11252180.0,-3315172.0,,,10.3
USAU,251731529.92,2025-12-15,8753609.0,-3795207.0,,,7.0
USAU,251731529.92,2026-03-17,36019128.0,-5021760.0,,,21.6
USAU,251731529.92,2026-06-14,30559168.0,-6081277.0,,,15.1
USAU,251731529.92,2026-09-14,27032807.0,-3540681.0,,,23.0
USIO,62642905.85,2025-02-14,0.0,0.0,,,Infinite
USIO,62642905.85,2025-05-15,0.0,0.0,,,Infinite
USIO,62642905.85,2025-08-14,4023082.0,-263884.0,,25.75,85.3
USIO,62642905.85,2025-11-14,4226939.0,303830.0,,22.99,Infinite
USIO,62642905.85,2026-03-18,3544235.0,99596.0,,21.91,Infinite
USIO,62642905.85,2026-05-15,2855642.0,946724.0,,20.17,Infinite
USIO,62642905.85,2026-08-14,1771860.0,-694120.0,18.62,24.18,27.6
UXIN,237578691.32,2025-05-15,-1655395000.0,0.0,,7.01,Infinite
UXIN,237578691.32,2025-08-14,-1595090000.0,0.0,,5.2,Infinite
UXIN,237578691.32,2025-11-14,-1702664000.0,0.0,,7.5,Infinite
UXIN,237578691.32,2026-02-14,-1874233000.0,0.0,,6.75,Infinite
UXIN,237578691.32,2026-05-15,-1693232000.0,0.0,112.93,6.99,Infinite
VERI,108493637.75,2025-02-14,0.0,0.0,,,Infinite
VERI,108493637.75,2025-05-15,0.0,0.0,,,Infinite
VERI,108493637.75,2025-08-14,-104079000.0,-8233000.0,,72.61,4.9
VERI,108493637.75,2025-11-14,-80681000.0,-15886000.0,,68.31,6.8
VERI,108493637.75,2026-02-14,-19796000.0,-12042000.0,,65.48,6.8
VERI,108493637.75,2026-05-15,-32029000.0,-11494000.0,,67.67,3.9
VERI,108493637.75,2026-08-14,-35394000.0,-10632000.0,4.61,63.7,3.5
VERK.HE,180318899.15,2025-02-14,0.0,0.0,,,Infinite
VERK.HE,180318899.15,2025-05-15,-24705000.0,-14721000.0,,18.82,4.0
VERK.HE,180318899.15,2025-08-14,-26554000.0,-309000.0,,17.1,156.6
VERK.HE,180318899.15,2025-11-14,0.0,0.0,,,Infinite
VERK.HE,180318899.15,2026-02-12,6080000.0,7000000.0,,16.3,Infinite
VERK.HE,180318899.15,2026-05-15,-14695000.0,-17210000.0,6.66,17.33,4.9
VERK.HE,180318899.15,2026-08-14,-12198000.0,6797000.0,5.69,16.62,Infinite
VIAFIN.HE,78516352.92,2025-02-23,7294000.0,0.0,,,Infinite
VIAFIN.HE,78516352.92,2025-08-14,2330000.0,0.0,,,Infinite
VIAFIN.HE,78516352.92,2026-02-14,8441000.0,0.0,,,Infinite
VIAFIN.HE,78516352.92,2026-08-14,6649000.0,0.0,,,Infinite
VICO.ST,296269310.28,2025-02-14,0.0,0.0,,,Infinite
VICO.ST,296269310.28,2025-05-15,715472000.0,-86113000.0,,100.0,24.9
VICO.ST,296269310.28,2025-08-14,351604000.0,-106451000.0,,100.0,9.9
VICO.ST,296269310.28,2026-02-27,578147000.0,-81478000.0,,100.0,21.3
VICO.ST,296269310.28,2026-05-15,377423000.0,-117641000.0,-32.51,100.0,9.6
VICO.ST,296269310.28,2026-08-14,428589000.0,-155917000.0,26.75,100.0,8.2
VOLO.ST,234883908.13,2025-02-14,0.0,0.0,,,Infinite
VOLO.ST,234883908.13,2025-05-15,-3026000000.0,-178000000.0,,50.05,2.2
VOLO.ST,234883908.13,2025-08-14,-3075000000.0,251000000.0,,47.21,Infinite
VOLO.ST,234883908.13,2026-02-14,-2566000000.0,465000000.0,,41.53,Infinite
VOLO.ST,234883908.13,2026-05-15,-3495000000.0,-135000000.0,2.72,48.92,2.7
VOLO.ST,234883908.13,2026-08-14,-1475000000.0,184000000.0,11.16,44.49,Infinite
VUZI,232139132.5,2025-02-14,0.0,0.0,,,Infinite
VUZI,232139132.5,2025-05-15,0.0,0.0,,,Infinite
VUZI,232139132.5,2025-08-14,17229935.0,-4788189.0,,-58.76,10.9
VUZI,232139132.5,2025-11-14,21474518.0,-4993023.0,,-35.43,13.6
VUZI,232139132.5,2026-02-14,20147188.0,-5554437.0,,16.74,11.4
VUZI,232139132.5,2026-05-15,19294960.0,-5555245.0,,-27.16,10.9
VUZI,232139132.5,2026-08-14,16556368.0,-6596585.0,-14.06,-57.96,7.9
WATT,64445647.02,2025-02-14,0.0,0.0,,,Infinite
WATT,64445647.02,2025-05-15,0.0,0.0,,,Infinite
WATT,64445647.02,2025-08-14,7053000.0,-2878000.0,,34.67,9.0
WATT,64445647.02,2025-11-14,11589000.0,-2466000.0,,36.01,15.7
WATT,64445647.02,2026-03-25,9233000.0,-2408000.0,,37.5,13.0
WATT,64445647.02,2026-05-15,35609000.0,-5572000.0,,35.53,19.7
WATT,64445647.02,2026-08-14,30046000.0,-5281000.0,216.82,3.04,17.7
WIMI,19120455.46,2025-02-14,922288046.0,0.0,,,Infinite
WIMI,19120455.46,2026-02-14,1075711436.0,0.0,,,Infinite
WKEY,68544414.73,2025-02-14,81664000.0,0.0,,,Infinite
WKEY,68544414.73,2025-08-14,119626000.0,0.0,,,Infinite
WKEY,68544414.73,2026-02-14,419434000.0,0.0,,,Infinite
WNEB,276633037.42,2025-02-14,0.0,0.0,,,Infinite
WNEB,276633037.42,2025-05-15,0.0,0.0,,,Infinite
WNEB,276633037.42,2025-08-14,-34593000.0,6838000.0,,,Infinite
WNEB,276633037.42,2025-11-14,-44917000.0,5146000.0,,,Infinite
WNEB,276633037.42,2026-02-14,-67915000.0,7058000.0,,,Infinite
WNEB,276633037.42,2026-05-15,-64326000.0,346000.0,,,Infinite
WNEB,276633037.42,2026-08-14,-29851000.0,6640000.0,8.3,,Infinite
WRAP,96989079.98,2025-03-31,0.0,0.0,,,Infinite
WRAP,96989079.98,2025-05-15,0.0,0.0,,,Infinite
WRAP,96989079.98,2025-08-14,1967000.0,-1940000.0,,48.12,6.5
WRAP,96989079.98,2025-11-14,3474000.0,-2615000.0,,59.22,6.8
WRAP,96989079.98,2026-03-26,1051000.0,-2665000.0,,52.28,3.9
WRAP,96989079.98,2026-05-15,6805000.0,-1246000.0,,62.2,17.5
WRAP,96989079.98,2026-08-14,4345000.0,-2433000.0,102.77,75.29,5.9
XELB,5839956.04,2025-02-14,0.0,0.0,,,Infinite
XELB,5839956.04,2025-05-15,-14972000.0,-1434000.0,,,0.6
XELB,5839956.04,2025-08-14,-17445000.0,-2364000.0,,100.0,1.2
XELB,5839956.04,2025-11-14,-16810000.0,-1398000.0,,100.0,3.2
XELB,5839956.04,2026-02-14,-16921000.0,-1827000.0,,100.0,1.9
XELB,5839956.04,2026-05-15,-17367000.0,-877000.0,-14.11,,0.6
XELB,5839956.04,2026-08-14,0.0,0.0,,,Infinite
XGN,190653415.16,2025-02-14,0.0,0.0,,,Infinite
XGN,190653415.16,2025-05-15,0.0,0.0,,,Infinite
XGN,190653415.16,2025-08-14,4829000.0,-2885000.0,,60.43,31.2
XGN,190653415.16,2025-11-14,9626000.0,2944000.0,,58.43,Infinite
XGN,190653415.16,2026-02-14,6514000.0,-3013000.0,,55.35,32.1
XGN,190653415.16,2026-05-15,-3841000.0,-10417000.0,,58.97,6.2
XGN,190653415.16,2026-08-14,-1451000.0,3988000.0,15.92,61.27,Infinite
XPL,58704367.51,2025-02-14,0.0,0.0,,,Infinite
XPL,58704367.51,2025-05-15,0.0,0.0,,,Infinite
XPL,58704367.51,2025-08-14,166000.0,-803000.0,,,0.7
XPL,58704367.51,2025-11-14,354000.0,-1663000.0,,,0.7
XPL,58704367.51,2026-03-05,75000.0,-506000.0,,,0.5
XPL,58704367.51,2026-05-15,167000.0,-473000.0,,,1.1
XPL,58704367.51,2026-08-14,509000.0,-1375000.0,,,1.1
