ticker,market,market_cap_usd,market_cap_local,currency,current_price,adv_20d_local,adv_20d_usd
KAMUX.HE,FI,66548123.66,57936796.67,EUR,1.51,52430.39,60223.29
SSH1V.HE,FI,136432615.55,118778235.52,EUR,2.19,88552.52,101714.36
ASPO.HE,FI,256296462.02,223131700.64,EUR,7.2,90058.9,103444.64
DETEC.HE,FI,127937959.57,111382788.0,EUR,7.46,223109.74,256271.24
RAUTE.HE,FI,102476376.21,89215933.45,EUR,15.05,73282.91,84175.18
VIAFIN.HE,FI,78516352.92,68356337.1,EUR,19.7,66525.51,76413.41
DIGIA.HE,FI,171705795.84,149487066.4,EUR,5.5,49248.07,56567.97
EXEL.HE,FI,113743222.54,99024849.9,EUR,13.4,118807.41,136466.13
PIHLIS.HE,FI,287766147.57,250529208.98,EUR,11.4,175368.73,201434.33
VERK.HE,FI,180318899.15,156985634.16,EUR,3.53,132412.66,152093.56
LUC.ST,SE,188475815.04,1848274802.55,SEK,1.212,1065478.75,108651.04
ANOT.ST,SE,16299775.4,159842599.19,SEK,0.171,788036.88,80359.21
CINT.ST,SE,216549540.13,2123577809.87,SEK,5.98,1549160.86,157974.0
CTEK.ST,SE,101185000.53,992263579.5,SEK,14.1,569550.87,58079.33
PCELL.ST,SE,120746147.94,1184088593.48,SEK,20.62,2563689.58,261429.46
PRIC-B.ST,SE,68234911.66,669140854.2,SEK,4.12,685495.83,69902.69
SEDANA.ST,SE,106767866.2,1047011558.4,SEK,10.3,2438804.06,248694.39
STIL.ST,SE,221281908.86,2169985450.5,SEK,240.0,1692149.85,172555.14
TOBII.ST,SE,25642863.67,251464936.13,SEK,1.049,2752061.0,280638.43
VICO.ST,SE,296269310.28,2905344119.76,SEK,10.14,9691502.17,988280.4
BICO.ST,SE,162647640.35,1594992627.0,SEK,21.75,8419667.22,858586.42
ENEA.ST,SE,121835782.49,1194774018.0,SEK,64.6,1603184.23,163482.97
KNOW.ST,SE,263032059.38,2579405360.3,SEK,95.9,3032438.37,309229.61
MOB.ST,SE,50998808.78,500116225.6,SEK,10.84,505546.79,51552.58
MSAB-B.ST,SE,175146475.36,1717561572.0,SEK,92.8,2615112.49,266673.26
NIL-B.ST,SE,87667984.36,859709912.6,SEK,75.4,544840.41,55559.51
RAIL.ST,SE,74744519.0,732976860.0,SEK,29.7,830196.89,84658.43
SEZI.ST,SE,46091521.37,451993257.25,SEK,2.99,738617.45,75319.71
VOLO.ST,SE,234883908.13,2303372498.05,SEK,24.0,4911250.57,500819.44
ATOM,US,155315687.9,155315687.9,USD,3.98,1791122.4,1791122.4
STEM,US,45438229.66,45438229.66,USD,4.72,498000.99,498000.99
WATT,US,64445647.02,64445647.02,USD,11.66,1645974.75,1645974.75
MVIS,US,49859830.24,49859830.24,USD,1.63,2455646.44,2455646.44
VUZI,US,232139132.5,232139132.5,USD,2.75,1684337.7,1684337.7
OSS,US,226206971.49,226206971.49,USD,9.07,7343184.12,7343184.12
REKR,US,59183693.83,59183693.83,USD,0.43,835097.04,835097.04
AEYE,US,94523948.24,94523948.24,USD,7.52,1409434.99,1409434.99
AMST,US,6746346.34,6746346.34,USD,1.03,138399.75,138399.75
ARBE,US,85360722.33,85360722.33,USD,0.67,5009547.52,5009547.52
AUST,US,15336161.19,15336161.19,USD,1.12,67532.75,67532.75
CPIX,US,107728540.19,107728540.19,USD,7.19,457101.6,457101.6
CREX,US,36386301.91,36386301.91,USD,2.69,79680.1,79680.1
CISO,US,11153785.69,11153785.69,USD,0.245,56452.38,56452.38
DUOT,US,267516241.5,267516241.5,USD,8.5,7204676.41,7204676.41
ELTK,US,57597485.34,57597485.34,USD,8.57,130799.65,130799.65
HOLO,US,37576270.07,37576270.07,USD,1.64,686205.81,686205.81
IDAI,US,16410337.29,16410337.29,USD,2.91,129996.15,129996.15
MNDR,US,1720134.79,1720134.79,USD,1.44,62554.04,62554.04
PRSO,US,7257821.6,7257821.6,USD,0.48,148222.35,148222.35
QUIK,US,192702643.71,192702643.71,USD,10.52,2501209.44,2501209.44
REFR,US,13598436.04,13598436.04,USD,0.39,66272.0,66272.0
SGRP,US,19311021.0,19311021.0,USD,0.68,85917.85,85917.85
SLNH,US,291062798.25,291062798.25,USD,1.19,9359264.94,9359264.94
SOBR,US,738047.74,738047.74,USD,0.137,99293.17,99293.17
VERI,US,108493637.75,108493637.75,USD,1.08,3188138.35,3188138.35
WRAP,US,96989079.98,96989079.98,USD,1.57,1154088.25,1154088.25
AIRS,US,165818977.26,165818977.26,USD,2.3,2171420.54,2171420.54
CAMP,US,252895409.17,252895409.17,USD,4.03,1155480.68,1155480.68
CODX,US,6562439.84,6562439.84,USD,0.94,252291.11,252291.11
CPHI,US,30545620.5,30545620.5,USD,0.71,144469.35,144469.35
CRNT,US,192601870.74,192601870.74,USD,2.11,591730.34,591730.34
CSBR,US,70706329.46,70706329.46,USD,5.08,59619.3,59619.3
DRIO,US,68498369.95,68498369.95,USD,6.99,194872.45,194872.45
EGAN,US,142372781.98,142372781.98,USD,5.44,1555349.16,1555349.16
FLUX,US,12000011.46,12000011.46,USD,0.555,724825.84,724825.84
GLBS,US,84818444.37,84818444.37,USD,3.93,599718.85,599718.85
GROW,US,36648624.31,36648624.31,USD,2.98,73538.27,73538.27
IDN,US,48032178.59,48032178.59,USD,2.37,845146.7,845146.7
IPDN,US,1656968.91,1656968.91,USD,3.44,3171594.94,3171594.94
IZEA,US,45978996.87,45978996.87,USD,2.64,111377.6,111377.6
JAKK,US,278457141.09,278457141.09,USD,24.33,1760068.99,1760068.99
KVHI,US,130433517.82,130433517.82,USD,7.19,901402.65,901402.65
LAKE,US,104179817.27,104179817.27,USD,10.49,668252.05,668252.05
LPSN,US,38245620.7,38245620.7,USD,1.72,155182.27,155182.27
LTRX,US,271824923.86,271824923.86,USD,5.82,7207710.69,7207710.69
LUNA,US,46494006.62,46494006.62,USD,1.34,423875.9,423875.9
MIND,US,37810467.41,37810467.41,USD,4.16,463142.2,463142.2
NNBR,US,278296093.57,278296093.57,USD,3.37,4344237.4,4344237.4
NTIC,US,75116831.04,75116831.04,USD,7.91,88891.25,88891.25
NXGL,US,2524644.75,2524644.75,USD,0.259,564940.97,564940.97
OPTT,US,17378931.57,17378931.57,USD,1.93,1288325.85,1288325.85
OSUR,US,240700508.89,240700508.89,USD,3.49,1684196.5,1684196.5
PAVM,US,39075424.0,39075424.0,USD,3.97,112622.85,112622.85
PDEX,US,222567657.07,222567657.07,USD,69.48,4788276.77,4788276.77
PPSI,US,37737505.46,37737505.46,USD,3.4,297196.45,297196.45
PSTV,US,26640680.6,26640680.6,USD,3.87,373555.61,373555.61
RDCM,US,177259414.98,177259414.98,USD,10.59,1203151.0,1203151.0
RIME,US,3737829.68,3737829.68,USD,0.22,398129.0,398129.0
RMTI,US,31880977.53,31880977.53,USD,7.91,180291.95,180291.95
SPCB,US,61422818.88,61422818.88,USD,9.78,871861.27,871861.27
TC,US,52317431.6,52317431.6,USD,1.98,214281.0,214281.0
TPST,US,14803091.15,14803091.15,USD,0.895,7823217.97,7823217.97
TRDA,US,268663019.81,268663019.81,USD,6.9,2099713.47,2099713.47
TRT,US,113564482.14,113564482.14,USD,11.23,1522966.15,1522966.15
TZOO,US,59377603.09,59377603.09,USD,5.82,312728.85,312728.85
UEIC,US,68806233.05,68806233.05,USD,5.34,376206.88,376206.88
USAU,US,251731529.92,251731529.92,USD,15.23,2749090.69,2749090.69
USIO,US,62642905.85,62642905.85,USD,2.27,922555.44,922555.44
UXIN,US,237578691.32,237578691.32,USD,1.08,51860.3,51860.3
WIMI,US,19120455.46,19120455.46,USD,1.04,168476.05,168476.05
WKEY,US,68544414.73,68544414.73,USD,5.77,207179.2,207179.2
WNEB,US,276633037.42,276633037.42,USD,13.8,713336.15,713336.15
XELB,US,5839956.04,5839956.04,USD,0.8902,80581.47,80581.47
XGN,US,190653415.16,190653415.16,USD,7.87,1909472.41,1909472.41
XPL,US,58704367.51,58704367.51,USD,0.62,149172.75,149172.75
SOSI1.HE,FI,157518662.11,138569165.87,EUR,0.432,638103.94,725365.4
REMEDY.HE,FI,293530261.7,258218569.0,EUR,18.92,400109.53,454824.98
FARON.HE,FI,99168996.47,87238965.45,EUR,0.42,355722.81,404368.33
ADMCM.HE,FI,145142762.87,127682087.4,EUR,26.7,254910.69,289770.02
SRV1V.HE,FI,192705139.77,169522710.0,EUR,9.6,218950.63,248892.38
GOFORE.HE,FI,198233371.62,174385895.52,EUR,11.1,303956.68,345523.11
ICP1V.HE,FI,268240068.89,235970786.58,EUR,8.14,191702.51,217918.05
SAVOX.HE,FI,5407433.89,4756919.55,EUR,8.98,47569.2,54074.34
LAPWALL.HE,FI,75789619.41,66672127.62,EUR,4.56,78485.74,89218.75
ESENSE.HE,FI,98367292.83,86533706.76,EUR,5.28,186165.87,211624.27
CANATU.HE,FI,229164264.52,201595801.77,EUR,5.97,116063.95,131935.84
LUOTEA.HE,FI,78756357.73,69281967.3,EUR,1.83,110996.07,126174.91
ORIOLA.HE,FI,189543975.25,166741833.6,EUR,0.91,179780.19,204365.34
LASTIK.HE,FI,283174389.65,249108508.44,EUR,6.59,279874.32,318147.46
TAALA.HE,FI,231833048.53,203943531.04,EUR,7.26,119901.71,136298.41
HEALTH.HE,FI,64361275.2,56618613.31,EUR,0.978,68389.75,77742.13
REAKTOR.HE,FI,208449995.54,183373459.5,EUR,7.44,104108.56,118345.53
RAP1V.HE,FI,73685040.65,64820729.7,EUR,1.7,55631.1,63238.71
KHG.HE,FI,61399765.54,54013373.28,EUR,0.96,57626.92,65507.47
TNOM.HE,FI,60193717.83,52952413.12,EUR,1.172,53357.94,60654.7
TEKOVA.HE,FI,56852611.17,50013241.62,EUR,1.14,109421.53,124385.05
KPYOSK.HE,FI,102553238.46,90216083.1,EUR,3.32,44591.74,50689.72
HKFOODS.HE,FI,171295517.65,150688665.58,EUR,1.65,55799.05,63429.64
NXTMH.HE,FI,78870811.91,69382652.64,EUR,9.55,70511.33,80153.83
CONSTI.HE,FI,101269111.93,89086437.0,EUR,11.1,62280.46,70797.39
CTH1V.HE,FI,83804425.91,73722752.84,EUR,7.36,52356.85,59516.71
NANOFH.HE,FI,84029423.58,73920683.29,EUR,0.876,55577.02,63177.24
NOHO.HE,FI,181091448.47,159306145.85,EUR,7.75,57213.31,65037.3
TEM1V.HE,FI,169740404.48,149320632.54,EUR,6.43,71035.65,80749.86
OPTOMED.HE,FI,37663658.65,33132720.23,EUR,1.55,67107.66,76284.71
CITYVA.HE,FI,123484306.16,108629143.2,EUR,13.65,162112.05,184281.06
RELAIS.HE,FI,289036286.67,254265219.2,EUR,13.6,55049.26,62577.31
AIFORIA.HE,FI,39043023.49,34346147.47,EUR,0.912,65059.92,73956.94
LEMON.HE,FI,98509228.18,86658567.29,EUR,4.7,149323.21,169743.33
NANEXA.ST,SE,210353005.89,2097581154.3,SEK,12.16,25776438.65,2584954.26
KLARA-B.ST,SE,204977966.9,2043982773.6,SEK,13.32,9123556.59,914943.17
KEOC.ST,SE,276108822.64,2753279709.28,SEK,7.54,13085023.31,1312213.35
PAX.ST,SE,151706238.01,1512772040.0,SEK,61.2,1975830.68,198143.43
ONCO.ST,SE,91402997.12,911445041.62,SEK,2.5,9186498.26,921255.19
SHT-B.ST,SE,62743836.67,625663934.77,SEK,37.6,6256639.35,627438.37
SVIK.ST,SE,181150594.85,1806382905.0,SEK,226.5,7880774.45,790312.49
CYNCA.ST,SE,162056376.9,1615980721.0,SEK,44.0,14010065.17,1404979.88
NELLY.ST,SE,90630987.4,903746777.28,SEK,31.68,4478536.65,449123.81
VEFAB.ST,SE,187411184.16,1868811744.93,SEK,1.888,1968482.87,197406.56
CRNO-B.ST,SE,125001187.79,1246476772.06,SEK,4.122,2542919.93,255013.19
ORRON.ST,SE,211596434.96,2109980280.06,SEK,7.58,8707528.71,873222.39
SUS.ST,SE,263018685.09,2622748530.4,SEK,49.36,8748960.46,877377.32
NP3-PREF.ST,SE,52701738.19,525526946.26,SEK,29.15,5255269.46,527017.38
SEYE.ST,SE,206573696.67,2059894943.1,SEK,52.65,15424066.22,1546781.01
W5.ST,SE,53352099.94,532012171.2,SEK,29.5,814592.03,81690.23
SOSI.ST,SE,57155443.24,569938043.39,SEK,4.95,3064125.3,307281.54
VNV.ST,SE,235173180.04,2345080966.96,SEK,18.52,3571665.65,358179.52
ASTOR.ST,SE,69160537.05,689649470.56,SEK,14.97,5636344.2,565232.93
KJELL.ST,SE,151059188.54,1506319844.2,SEK,16.1,2762447.71,277028.22
SANION.ST,SE,130877621.18,1305074916.97,SEK,9.71,4817526.64,483118.95
NEOBO.ST,SE,247248799.92,2465495660.16,SEK,17.8,6709639.79,672866.89
BULTEN.ST,SE,135756475.56,1353725484.0,SEK,64.1,4930624.65,494460.83
EMIL-PREF.ST,SE,38894917.38,387849203.03,SEK,29.05,3878492.03,388949.17
SVED-B.ST,SE,292507884.62,2916806554.1,SEK,55.5,2952227.88,296060.06
BEAMMW-B.ST,SE,104749897.46,1044536586.96,SEK,19.72,1946635.86,195215.67
CHEF.ST,SE,149376094.79,1489536505.6,SEK,116.0,2756666.95,276448.51
BLINC-B.ST,SE,24381960.43,243130068.38,SEK,0.106,1676187.96,168094.18
SMOL.ST,SE,32496490.71,324045887.6,SEK,1.21,859174.06,86161.07
CX.ST,SE,52936988.57,527872797.1,SEK,27.3,2048180.04,205398.88
EG7.ST,SE,127950930.07,1275890774.4,SEK,14.38,3275992.26,328528.32
ELTEL.ST,SE,279782711.86,2789914701.8,SEK,17.7,2058107.84,206394.48
FNM.ST,SE,142530288.42,1421272045.2,SEK,93.4,2628260.38,263571.43
CANTA.ST,SE,39753891.62,396414653.13,SEK,1.46,1434222.07,143828.96
ALM-PREF.ST,SE,286893075.62,2860817254.2,SEK,89.2,1757277.89,176226.17
GENO.ST,SE,123798944.14,1234488335.7,SEK,18.98,2489027.43,249608.65
NOBI.ST,SE,209714514.75,2091214299.78,SEK,13.916,3464418.87,347424.42
DICOT.ST,SE,80632249.01,804042163.51,SEK,0.2266,2248459.9,225483.67
VER.ST,SE,240419520.85,2397396005.44,SEK,12.25,3214371.61,322348.78
BRIN-B.ST,SE,266705914.56,2659516548.15,SEK,11.9,590847.24,59252.29
BONAV-B.ST,SE,285764060.27,2849559029.88,SEK,8.85,11387970.52,1142026.77
AAC.ST,SE,84279512.33,840411650.0,SEK,111.6,2046279.27,205208.27
GOMX.ST,SE,192634144.83,1920893643.27,SEK,11.2,3357910.2,336743.35
INISS-B.ST,SE,163827822.19,1633645076.4,SEK,70.0,2102872.87,210883.68
GREEN.ST,SE,92402366.43,921410472.0,SEK,16.14,4414020.54,442653.9
WYLD.ST,SE,4696433.37,46831515.87,SEK,0.224,994475.58,99729.6
PROGEN.ST,SE,5897639.67,58809608.02,SEK,0.122,1011757.34,101462.68
KABE-B.ST,SE,219320250.35,2187000000.0,SEK,244.0,1432212.74,143627.46
CRAD-B.ST,SE,110470409.6,1101579929.0,SEK,33.0,1003755.69,100660.24
FG.ST,SE,144614617.45,1442056389.48,SEK,16.44,1545406.08,154978.9
BINV.ST,SE,149799543.51,1493759017.4,SEK,22.25,1929946.89,193542.04
RUG.ST,SE,144241090.94,1438331688.0,SEK,70.0,1508831.11,151311.03
HUMBLE.ST,SE,237486456.59,2368148311.62,SEK,5.42,1600346.13,160488.48
CARA.ST,SE,175990261.26,1754925506.25,SEK,25.8,2390498.09,239727.77
EOLU-B.ST,SE,120704415.06,1203630560.0,SEK,48.9,2547421.04,255464.57
TINGS-PREF.ST,SE,7060422.55,70404552.63,SEK,362.0,704045.53,70604.23
ARGO.ST,SE,nan,nan,SEK,11.68,712269.89,71428.99
GRANGX.ST,SE,42540541.11,424202340.0,SEK,30.2,1195463.12,119885.35
FASTAT.ST,SE,20140231.29,200832735.49,SEK,0.587,981104.74,98388.72
TERNOR.ST,SE,73407600.94,732000000.0,SEK,37.5,2524650.07,253181.02
CLAV.ST,SE,161283793.96,1608276740.67,SEK,4.384,3438043.47,344779.4
SFAB.ST,SE,201339976.69,2007705756.0,SEK,115.4,2214002.23,222028.13
BERNER-B.ST,SE,142852397.9,1424484030.6,SEK,76.7,4361960.79,437433.17
BORG.ST,SE,135968089.9,1355835642.8,SEK,53.3,1177439.39,118077.87
UNIBAP.ST,SE,8965660.26,89403048.54,SEK,8.98,995097.59,99791.98
ELON.ST,SE,53573951.43,534224412.0,SEK,34.6,1042772.92,104573.03
OBDU-B.ST,SE,123041834.62,1226938651.95,SEK,0.465,818566.99,82088.85
IRLAB-A.ST,SE,28126611.99,280470683.01,SEK,1.9,1575893.36,158036.27
DMYD-B.ST,SE,15666744.06,156224376.0,SEK,1.042,860969.24,86341.1
FREJA.ST,SE,53846913.3,536946311.2,SEK,18.75,516888.47,51835.44
SYNACT.ST,SE,99285727.14,990049413.6,SEK,17.3,4169315.65,418114.02
MVIR.ST,SE,104509750.98,1042141913.58,SEK,1.622,2457619.01,246458.9
BRAIN.ST,SE,39481006.62,393693520.54,SEK,1.0,515452.78,51691.46
EXS.ST,SE,152187768.61,1517573728.0,SEK,113.5,3429644.71,343937.15
HILB-B.ST,SE,21040958.97,209814539.2,SEK,1.7,2352453.17,235912.49
ELIC.ST,SE,17835684.82,177852444.71,SEK,2.715,694919.36,69689.02
MSON-B.ST,SE,153132551.71,1526994840.0,SEK,10.4,1044661.33,104762.41
ACCON.ST,SE,92239830.23,919789706.56,SEK,12.02,3111711.46,312053.65
FIRE.ST,SE,109535252.03,1092254800.0,SEK,171.5,620674.26,62243.45
UPSALE.ST,SE,48125473.22,479893716.0,SEK,28.9,1380817.08,138473.32
IMMNOV.ST,SE,9444044.79,94173364.88,SEK,0.1398,535141.6,53665.93
ALCA.ST,SE,71283569.46,710819754.0,SEK,29.5,2013341.75,201905.17
G5EN.ST,SE,49102564.89,489637000.0,SEK,64.0,502708.7,50413.44
DUST.ST,SE,237688927.48,2370167294.47,SEK,1.738,2159118.36,216524.18
CAT-B.ST,SE,155602868.84,1551628149.28,SEK,18.24,2403579.7,241039.64
ADVE.ST,SE,78516948.91,782948984.4,SEK,17.6,543497.44,54503.88
WPTG-B.ST,SE,41117995.03,410017109.6,SEK,13.4,1150768.75,115403.24
SALT-B.ST,SE,117990593.95,1176569097.3,SEK,5.05,1062801.56,106581.58
BESQAB.ST,SE,294273356.99,2934411349.2,SEK,25.8,1831445.89,183664.0
VPAB-B.ST,SE,136047542.09,1356627917.8,SEK,64.6,1231543.74,123503.65
FLEXQ.ST,SE,54743358.58,545885412.0,SEK,33.3,588558.31,59022.75
BESQAB-PREF-B.ST,SE,7054305.19,70343552.07,SEK,98.6,703435.52,70543.05
CEDER.ST,SE,57008840.41,568476161.1,SEK,45.7,1104269.79,110740.16
BRAVE.ST,SE,14313386.4,142729073.2,SEK,2.79,1906328.64,191173.51
ALZCUR.ST,SE,84355944.55,841173810.6,SEK,7.5,3139127.19,314803.0
HAMLET-B.ST,SE,115366346.56,1150400838.6,SEK,5.99,934450.73,93710.09
PIERCE.ST,SE,74106568.56,738969909.0,SEK,8.75,1259896.2,126346.94
ALZ.ST,SE,8742810.32,87180851.43,SEK,0.42,1659407.94,166411.42
ITECH.ST,SE,84463261.53,842243945.4,SEK,71.4,1579090.46,158356.89
KEBNI-B.ST,SE,21710017.06,216486198.77,SEK,0.802,702143.87,70413.52
PREV-B.ST,SE,71069754.37,708687650.0,SEK,55.8,2020921.46,202665.3
G2M.ST,SE,52194403.59,520467948.0,SEK,4.1,926748.57,92937.69
GULD.ST,SE,36217523.25,361150980.0,SEK,17.35,1651163.7,165584.65
RROS.ST,SE,86218109.29,859742794.96,SEK,3.26,752450.29,75458.43
BYGGP.ST,SE,161876865.73,1614190686.0,SEK,35.0,1425105.42,142914.71
WBGR-B.ST,SE,44121876.22,439970970.0,SEK,2.5,753153.35,75528.94
WSG.ST,SE,177393351.92,1768916732.7,SEK,64.43,1349450.48,135327.76
KFAST-B.ST,SE,253598168.01,2528809777.32,SEK,10.44,530346.41,53185.05
NETI-B.ST,SE,103085085.3,1027935547.18,SEK,2.99,1570423.92,157487.78
XSPRAY.ST,SE,45839213.28,457095773.36,SEK,9.37,643900.92,64572.71
MINEST.ST,SE,30467199.28,303810362.82,SEK,1.204,912556.03,91514.41
IMPC.ST,SE,32077397.01,319866802.72,SEK,3.29,543325.23,54486.61
NEO-B.ST,SE,9153394.79,91275084.62,SEK,1.84,894253.97,89679.01
OSSD.ST,SE,38496060.9,383871918.11,SEK,3.475,805920.21,80820.59
GAPW-B.ST,SE,45186100.42,450583115.2,SEK,12.26,612265.28,61400.17
ELAN-B.ST,SE,170907696.67,1704243598.2,SEK,50.0,564819.31,56642.12
DVYSR.ST,SE,86551681.82,863069086.6,SEK,51.7,582330.63,58398.22
LUMEN.ST,SE,63592594.33,634127508.0,SEK,50.8,992312.3,99512.66
SPRINT.ST,SE,33014213.96,329208478.56,SEK,3.05,900128.41,90268.12
PREC.ST,SE,9293549.73,92672670.35,SEK,0.527,984295.21,98708.67
CINPHA.ST,SE,55817049.49,556591956.44,SEK,11.82,678685.42,68061.02
SOLNA.ST,SE,44870897.49,447440000.0,SEK,119.0,676140.29,67805.79
BEYOND.ST,SE,4805124.1,47915349.3,SEK,2.39,506396.06,50783.22
XOM-B.ST,SE,6448785.58,64305480.45,SEK,0.607,863040.25,86548.79
MIDS.ST,SE,76800283.5,765830878.61,SEK,1.43,1200554.04,120395.89
KDV-B.ST,SE,6188799.85,61712975.63,SEK,0.277,617129.76,61888.0
VETT.ST,SE,31116906.65,310289062.44,SEK,5.31,581100.57,58274.86
QLIRO.ST,SE,56491260.64,563315000.85,SEK,16.5,650522.56,65236.75
HAV-B.ST,SE,17821921.34,177715199.2,SEK,15.5,4456505.95,446914.5
BLUE.ST,SE,20483262.67,204253348.16,SEK,1.294,528205.89,52970.39
INQ.ST,SE,20871634.97,208126087.77,SEK,0.1812,762819.71,76498.31
VSSAB-B.ST,SE,234901671.11,2342373556.0,SEK,180.0,6323999.29,634193.46
AMIDO.ST,SE,11521320.24,114887372.81,SEK,3.5,536235.12,53775.59
MEDS.ST,SE,44885888.87,447589489.8,SEK,24.4,579768.85,58141.31
OBAB.ST,SE,51231936.68,510870498.0,SEK,17.8,649606.84,65144.92
INTEG-B.ST,SE,25620313.51,255478577.8,SEK,9.8,875386.94,87786.96
FLERIE.ST,SE,150847117.34,1504205129.7,SEK,17.2,536739.54,53826.18
BIOSGN.ST,SE,4394694.76,43822663.1,SEK,0.53,645791.18,64762.27
CTT.ST,SE,165234915.79,1647676219.0,SEK,133.0,878725.16,88121.73
ABSO.ST,SE,220817311.72,2201928276.0,SEK,193.0,793920.55,79617.22
FREEM.ST,SE,30816554.37,307294033.77,SEK,1.67,1666798.96,167152.61
WAYS.ST,SE,34642874.13,345449020.8,SEK,41.8,638611.16,64042.23
BIM.ST,SE,74287131.41,740770431.1,SEK,4.72,564794.17,56639.6
QBEN.ST,SE,51875003.27,517282977.6,SEK,6.48,1399755.8,140372.56
MODTX.ST,SE,6614947.48,65962400.28,SEK,0.387,896980.18,89952.41
CALVIK.ST,SE,37708211.7,376015707.0,SEK,72.0,559359.08,56094.55
ORX.ST,SE,46851483.18,467189844.8,SEK,13.18,505554.05,50698.78
SMCRT.ST,SE,234074300.93,2334123252.72,SEK,14.54,1139996.17,114322.93
CCC.ST,SE,128398353.97,1280352360.0,SEK,12.0,511810.67,51326.22
FSECURE.HE,FI,279087161.71,249141104.32,EUR,1.426,624762.49,699857.18
ANORA.HE,FI,284153546.42,253663865.85,EUR,3.755,132640.98,148584.05
SUMMA.HE,FI,8909349.49,7953376.13,EUR,0.17,66582.57,74585.61
MERUS.HE,FI,56707950.88,50623186.75,EUR,6.16,45847.66,51358.42
KOSKI.HE,FI,219163130.96,195646923.12,EUR,8.12,72577.47,81301.07
XBRANE.ST,SE,27423182.18,275081403.66,SEK,13.35,508216.05,50664.64
EWRK.ST,SE,96165069.71,964629931.81,SEK,55.8,512203.57,51062.16
LYKO-A.ST,SE,172468819.87,1730031356.0,SEK,113.0,767473.01,76510.27
SOUND.ST,SE,5757116.1,57749518.93,SEK,0.64,577495.19,57571.16
CORE-PREF.ST,SE,276624847.72,2774818432.5,SEK,223.5,2416498.34,240903.5
VUXEN.ST,SE,29923295.5,300159991.46,SEK,26.8,642243.36,64025.98
AIRA.ST,SE,11055648.51,110898993.82,SEK,6.59,588138.72,58632.23
ACE.ST,SE,10330348.14,103623520.02,SEK,0.776,771483.63,76910.09
FRACTL.ST,SE,39898320.09,400219267.79,SEK,13.72,695774.42,69362.55
KAPIAB.ST,SE,73502286.79,737300000.0,SEK,202.0,564073.96,56233.18
ARCT.ST,SE,33940071.63,340452194.1,SEK,6.23,630212.03,62826.56
NTECH.ST,SE,17798063.66,178532028.22,SEK,64.9,1785320.28,177980.64
VERT-B.ST,SE,200465160.71,2010862102.95,SEK,59.8,1492740.49,148813.02
ARPL.ST,SE,78536588.71,787798983.99,SEK,37.55,623795.91,62186.93
BOTX.ST,SE,41899373.58,420291796.18,SEK,10.3,513638.3,51205.19
SUMMAS.ST,SE,8973549.98,90013504.22,SEK,1.924,578558.49,57677.16
INFRA.ST,SE,71318076.43,715390228.6,SEK,12.4,513206.16,51162.11
GIG-SDB.ST,SE,38799502.02,389197045.24,SEK,2.2,744879.1,74257.86
