Ticker_YF,Name,Market,MarketCap_EUR
AALLON.HE,Aallon Group Oyj,First North Suomi,35633407.00
ADMCM.HE,Admicom Oyj,First North Suomi,131328716.00
ADMIN.HE,Administer Oyj,First North Suomi,37264499.00
AFAGR.HE,Afarak Group SE,Nasdaq Helsinki Small Cap,67200020.00
AIFORIA.HE,Aiforia Technologies Oyj,First North Suomi,34208743.00
ALEX.HE,Alexandria Group Oyj,First North Suomi,161627402.00
ALISA.HE,Alisa Pankki Oyj,Nasdaq Helsinki Small Cap,20519802.00
ANORA.HE,Anora Group Plc,Nasdaq Helsinki Mid Cap,262108061.00
APETIT.HE,Apetit Plc,Nasdaq Helsinki Small Cap,76395239.00
ARVOSK.HE,Arvo Sijoitusosuuskunta,Nasdaq FI,66786540.00
ASPO.HE,Aspo Plc,Nasdaq Helsinki Mid Cap,226308861.00
ACG1V.HE,Aspocomp Group Plc,Nasdaq Helsinki Small Cap,41101362.00
ASUNTO.HE,Asuntosalkku Oyj,First North Suomi,76145000.00
BETOLAR.HE,Betolar Oyj,First North Suomi,18640998.00
BIOBV.HE,Biohit Oyj B,Nasdaq Helsinki Small Cap,36341366.00
BRETEC.HE,Bioretec Oy,First North Suomi,39985222.00
BOREO.HE,Boreo Oyj,Nasdaq Helsinki Small Cap,65147949.00
CANATU.HE,Canatu Oyj A,First North Suomi,193157433.00
CITYVA.HE,Cityvarasto Oyj,First North Suomi,107431028.00
CTH1V.HE,Componenta Corporation,Nasdaq Helsinki Small Cap,76679545.00
CONSTI.HE,Consti Plc,Nasdaq Helsinki Small Cap,91285106.00
DETEC.HE,Detection Technology Oyj,First North Suomi,112262126.00
DIGIA.HE,Digia Plc,Nasdaq Helsinki Mid Cap,149762491.00
DWF.HE,Digital Workforce Services Oyj,First North Suomi,30088519.00
DIGIGR.HE,Digitalist Group Plc,Nasdaq Helsinki Small Cap,4437954.00
DOV1V.HE,Dovre Group Plc,Nasdaq Helsinki Small Cap,7891239.00
DUELL.HE,Duell Oyj,First North Suomi,12388127.00
EAGLE.HE,Eagle Filters Group Plc,First North Suomi,24385309.00
EASOR.HE,Easor Oyj,Nasdaq Helsinki Small Cap,0.00
ECOUP.HE,EcoUp Oyj,First North Suomi,12196437.00
EEZY.HE,Eezy Oyj,Nasdaq Helsinki Small Cap,23794474.00
ELEAV.HE,Elecster Oyj A,Nasdaq Helsinki Small Cap,9370290.00
ESENSE.HE,Enersense International Oyj,Nasdaq Helsinki Small Cap,70752941.00
ETTE.HE,Etteplan Oyj,Nasdaq Helsinki Mid Cap,216788611.00
EXEL.HE,Exel Composites Plc,Nasdaq Helsinki Small Cap,92940487.00
FOAMIT.HE,Foamit Oyj,First North Suomi,31468656.00
FODELIA.HE,Fodelia Oyj,First North Suomi,35590298.00
FONDIA.HE,Fondia Oyj,First North Suomi,19330825.00
GLA1V.HE,Glaston Corporation,Nasdaq Helsinki Small Cap,41977222.00
GOFORE.HE,Gofore Plc,Nasdaq Helsinki Mid Cap,194947617.00
HRTIS.HE,Herantis Pharma Oyj,First North Suomi,38907601.00
HKFOODS.HE,HKFoods Oyj A,Nasdaq Helsinki Small Cap,149251228.00
HONBS.HE,Honkarakenne Oyj B,Nasdaq Helsinki Small Cap,14386483.00
ILKKA.HE,Ilkka Oyj,Nasdaq Helsinki Small Cap,101948567.00
ICP1V.HE,Incap Corporation,Nasdaq Helsinki Mid Cap,241470541.00
INDERES.HE,Inderes Oyj,First North Suomi,29393006.00
INVEST.HE,Investors House Oyj,Nasdaq Helsinki Small Cap,19733969.00
KAMUX.HE,Kamux Corporation,Nasdaq Helsinki Small Cap,58581851.00
KSL.HE,Keskisuomalainen Oyj,Nasdaq Helsinki Small Cap,100811585.00
KELAS.HE,Kesla Oyj A,Nasdaq Helsinki Small Cap,14461152.00
KHG.HE,KH Group Plc,Nasdaq Helsinki Small Cap,48786272.00
KOSKI.HE,Koskisen Oyj,Nasdaq Helsinki Mid Cap,201429594.00
KPYOSK.HE,KPY osk,Nasdaq FI,0.00
KREATE.HE,Kreate Group Plc,Nasdaq Helsinki Small Cap,258837865.00
LAMOR.HE,Lamor Corporation Oyj,Nasdaq Helsinki Small Cap,24752182.00
LAPWALL.HE,LapWall Oyj,First North Suomi,64783810.00
LASTIK.HE,Lassila & Tikanoja Plc,Nasdaq Helsinki Mid Cap,267482068.00
LEADD.HE,LeadDesk Oyj,First North Suomi,16706864.00
LEHTO.HE,Lehto Group Oyj,Nasdaq Helsinki Small Cap,2771670.00
LEMON.HE,Lemonsoft Oyj,First North Suomi,84921871.00
LOIHDE.HE,Loihde Oyj,First North Suomi,71096325.00
LUOTEA.HE,Luotea Plc,Nasdaq Helsinki Mid Cap,73704645.00
MARAS.HE,Martela Oyj A,Nasdaq Helsinki Small Cap,2636894.00
MERUS.HE,Merus Power Oyj,First North Suomi,43391304.00
MODU.HE,Modulight Oyj,First North Suomi,42778642.00
NANOFH.HE,Nanoform Finland Oyj,Nasdaq FI,77693897.00
NETUM.HE,Netum Group Oyj,First North Suomi,9589763.00
NXTMH.HE,Nexstim Oyj,First North Suomi,79133618.00
HEALTH.HE,Nightingale Health Oyj B,Nasdaq Helsinki Small Cap,55652837.00
NOHO.HE,NoHo Partners Oyj,Nasdaq Helsinki Mid Cap,158885258.00
BEER.HE,Nokian Panimo Oyj,First North Suomi,25405766.00
NORRH.HE,Norrhydro Group Oyj,First North Suomi,13341604.00
NLG1V.HE,Nurminen Logistics Plc,Nasdaq Helsinki Small Cap,48027597.00
OPTOMED.HE,Optomed Plc,Nasdaq Helsinki Small Cap,33020150.00
ORIOLA.HE,Oriola Corporation,Nasdaq Helsinki Mid Cap,164868157.00
ORTHEX.HE,Orthex Plc,Nasdaq Helsinki Small Cap,81690728.00
OVARO.HE,Ovaro Kiinteistösijoitus Oyj,Nasdaq Helsinki Small Cap,22594686.00
PALLAS.HE,Pallas Air Oyj,First North Suomi,578818.00
PNA1V.HE,Panostaja Oyj,Nasdaq Helsinki Small Cap,14980157.00
PIHLIS.HE,Pihlajalinna Oyj,Nasdaq Helsinki Mid Cap,240854556.00
QPR1V.HE,QPR Software Plc,Nasdaq Helsinki Small Cap,10262842.00
RAP1V.HE,Rapala VMC Corporation,Nasdaq Helsinki Small Cap,64520060.00
RAUTE.HE,Raute Corporation,Nasdaq Helsinki Small Cap,92988727.00
REAKTOR.HE,Reaktor Group Oyj,Nasdaq Helsinki Mid Cap,0.00
REBL.HE,Rebl Group Oyj,Nasdaq Helsinki Small Cap,13018054.00
REKA.HE,Reka Industrial Oyj,Nasdaq Helsinki Small Cap,24382517.00
RELAIS.HE,Relais Group Oyj,Nasdaq Helsinki Mid Cap,262677704.00
REMEDY.HE,Remedy Entertainment Oyj,Nasdaq Helsinki Mid Cap,253712389.00
ROBIT.HE,Robit Oyj,Nasdaq Helsinki Small Cap,28125027.00
SAGCV.HE,Saga Furs Oyj C,Nasdaq Helsinki Small Cap,57828511.00
SAVOX.HE,Savox Communications Oyj,Nasdaq Helsinki Mid Cap,166134377.00
SIILI.HE,Siili Solutions Oyj,Nasdaq Helsinki Small Cap,25641828.00
SITOWS.HE,Sitowise Group Plc,Nasdaq Helsinki Small Cap,89740173.00
SFOODS.HE,Solar Foods Oyj,First North Suomi,153172793.00
SOLTEQ.HE,Solteq Oyj,Nasdaq Helsinki Small Cap,6168087.00
SOLWERS.HE,Solwers Oyj,First North Suomi,15967697.00
SOSI1.HE,Sotkamo Silver AB,Nasdaq Helsinki Small Cap,146753599.00
SPINN.HE,Spinnova Oyj,First North Suomi,26080019.00
SPRING.HE,Springvest Oyj,First North Suomi,45421740.00
SRV1V.HE,SRV Group Plc,Nasdaq Helsinki Small Cap,142498873.00
SSH1V.HE,SSH Communications Security Oyj,Nasdaq Helsinki Small Cap,121235716.00
SUMMA.HE,Summa Defence Oyj,First North Suomi,17824919.00
SBI.HE,Sunborn International Plc,First North Suomi,96661438.00
SUY1V.HE,Suominen Oyj,Nasdaq Helsinki Small Cap,89075070.00
TAALA.HE,Taaleri Oyj,Nasdaq Helsinki Mid Cap,208046307.00
TNOM.HE,Talenom Oyj,Nasdaq Helsinki Mid Cap,55143547.00
TAMTRON.HE,Tamtron Group Oyj,First North Suomi,30518676.00
TEM1V.HE,Tecnotree Corporation,Nasdaq Helsinki Small Cap,152064101.00
TEKOVA.HE,Tekova Oyj,First North Suomi,49794843.00
TLT1V.HE,Teleste Corporation,Nasdaq Helsinki Small Cap,61392618.00
TITAN.HE,Titanium Oyj,First North Suomi,63366689.00
TOIVO.HE,Toivo Group Oyj,Nasdaq Helsinki Small Cap,53921180.00
TRH1V.HE,Trainers  House Plc,Nasdaq Helsinki Small Cap,4596348.00
TULAV.HE,Tulikivi Oyj A,Nasdaq Helsinki Small Cap,32860874.00
UNITED.HE,United Bankers Oyj,Nasdaq Helsinki Mid Cap,274082942.00
VERK.HE,Verkkokauppa.com Oyj,Nasdaq Helsinki Small Cap,157367733.00
VIAFIN.HE,Viafin Service Oyj,First North Suomi,70254244.00
VINCIT.HE,Vincit Oyj,First North Suomi,17924623.00
WETTERI.HE,Wetteri Oyj,Nasdaq Helsinki Small Cap,27341522.00
WITTED.HE,Witted Megacorp Oyj,First North Suomi,24229354.00
WUF1V.HE,Wulff Group Plc,Nasdaq Helsinki Small Cap,30263545.00
ALZ.ST,Alzinova AB,First North Stockholm,8220658.43
TEQ.ST,Teqnion AB,First North Stockholm,271653710.66
OSSD.ST,OssDsign AB,First North Stockholm,34202247.34
OPTER.ST,Opter AB,First North Stockholm,41921397.38
VETT.ST,Vetted Assets AB (publ),First North Stockholm,33314644.98
VIDH.ST,Vidhance AB,Spotlight Stockholm,2679286.72
CAG.ST,CAG Group AB,First North Premier Stockholm,59893275.20
COMPDM.ST,Compodium International AB,First North Stockholm,3907627.42
SPEC.ST,SpectraCure AB,First North Premier Stockholm,2753411.97
PRO.ST,Promimic AB,First North Stockholm,16499848.03
TOURN.ST,Tourn International AB,First North Stockholm,3960967.51
ALPCOT-B.ST,Alpcot Holding AB ser. B,First North Stockholm,20496377.03
LCLEAN.ST,Lifeclean International AB,First North Stockholm,1540602.88
DIVIO-B.ST,Divio Technologies AB ser. B,First North Stockholm,2708097.55
4C.ST,4C Group AB,First North Premier Stockholm,30252287.69
36GRP.ST,36 Group,Nordic Growth Market,463789.87
AAC.ST,AAC Clyde Space AB,First North Premier Stockholm,67810562.01
FASTAT.ST,AB Fastator,Nasdaq Stockholm Small Cap,15002843.93
ABI.ST,AB Igrene,Spotlight Stockholm,6064977.12
ABAS.ST,ABAS Protect AB,Spotlight Stockholm,5337175.37
ABIG.ST,Abelco Investment Group,Nordic Growth Market,801341.57
ABERA.ST,Abera Bioscience AB,Spotlight Stockholm,14242289.78
ABSO.ST,Absolent Air Care Group AB,First North Stockholm,213565859.21
ABSL-B.ST,Absolicon Solar Collector AB,Spotlight Stockholm,3427795.63
ACARIX.ST,Acarix AB,First North Premier Stockholm,21141964.28
ACCON.ST,Acconeer AB,First North Stockholm,83256941.57
PADEL.ST,Acenta Group AB,First North Stockholm,1050568.30
ACOU.ST,AcouSort AB,First North Stockholm,4972130.66
ACRI-A.ST,Acrinova AB ser. A,Nasdaq Stockholm Small Cap,30208781.48
ACRI-B.ST,Acrinova AB ser. B,Nasdaq Stockholm Small Cap,30208781.48
ACROUD.ST,ACROUD AB,First North Premier Stockholm,15350305.07
ATIC.ST,Actic Group AB,Nasdaq Stockholm Small Cap,53957862.62
ACTI.ST,Active Biotech AB,Nasdaq Stockholm Small Cap,10014752.75
ACUC.ST,AcuCort AB,Spotlight Stockholm,11261527.77
ACUVI.ST,Acuvi AB,First North Stockholm,22926205.59
ADTR.ST,Adtraction Group AB,First North Stockholm,55840611.88
ADVE.ST,Advenica AB,First North Premier Stockholm,63385791.88
ADVT.ST,Adverty,Nordic Growth Market,8071377.99
AERW-B.ST,Aerowash AB ser. B,Spotlight Stockholm,2266031.88
AEC.ST,AFRICA ENERGY CORP.,First North Stockholm,66108436.16
AFRI.ST,Africa Resources,Nordic Growth Market,512462.97
AGES-B.ST,Ages Industri AB ser. B,First North Premier Stockholm,27165289.43
AGTIRA-B.ST,Agtira AB ser. B,First North Stockholm,28509198.17
AIRA.ST,AI Revenue Assistant Software Stockholm AB,First North Stockholm,0.00
AIK-B.ST,AIK Fotboll B,Nordic Growth Market,4005588.38
AINO.ST,Aino Health AB,First North Stockholm,3751922.45
AIXIA-B.ST,Aixia Group AB ser. B,Spotlight Stockholm,12800698.69
ALCA.ST,Alcadon Group AB,First North Stockholm,66361729.78
ATORX.ST,Alligator Bioscience AB,Nasdaq Stockholm Small Cap,12973560.70
ALM.ST,ALM Equity AB,First North Stockholm,65342521.05
ALM-PREF.ST,ALM Equity AB Pref,First North Stockholm,0.00
ALZCUR.ST,AlzeCure Pharma AB,First North Premier Stockholm,98515309.17
AMH2-B.ST,Amhult 2 AB ser. B,Spotlight Stockholm,34088155.55
AMIDO.ST,Amido AB,Spotlight Stockholm,7093325.76
ANGL.ST,Angler Gaming Plc,Spotlight Stockholm,37174200.17
ANNE-B.ST,Annehem Fastigheter AB ser. B,Nasdaq Stockholm Small Cap,128675883.84
ANNX.ST,Annexin Pharmaceuticals AB,First North Stockholm,9898372.58
APRTEC.ST,APR Technologies AB,Spotlight Stockholm,62548015.90
APTA.ST,Aptahem AB,Spotlight Stockholm,1080357.73
AQUAT.ST,Aquaticus Real Estate AB,Spotlight Stockholm,0.00
ARBO-A.ST,Arbona A,Nordic Growth Market,153244371.44
ARCOMA.ST,Arcoma AB,First North Stockholm,10372107.69
ARCTIC.ST,Arctic Blue Beverages AB,First North Stockholm,988434.41
ARFA.ST,Arctic Falls Aktiebolag,First North Stockholm,53663794.59
ARCT.ST,Arctic Minerals AB,First North Stockholm,25109838.25
ARP.ST,Arctic Paper S.A.,Nasdaq Stockholm Mid Cap,97962972.14
ARENIT-SDB.ST,ARENIT Industrie SE SDB,First North Premier Stockholm,216410138.25
ARGO.ST,Argo Defence Group,Nordic Growth Market,0.00
ARION-SDB.ST,Arion Banki hf SDB,Nasdaq Stockholm Large Cap,0.00
ARPL.ST,Arla Plast AB,Nasdaq Stockholm Small Cap,70818951.97
AGROUP.ST,Arlandastad Group AB,First North Premier Stockholm,193910137.03
ACE.ST,Ascelia Pharma AB,Nasdaq Stockholm Small Cap,7489483.32
ATIN.ST,Athanase Innovation AB,First North Stockholm,34381823.23
ATANA.ST,Attana,Nordic Growth Market,1887493.36
AVEN.ST,Avensia AB,First North Premier Stockholm,19453230.92
AVSALT.ST,Avsalt Group,Nordic Growth Market,1002598.86
AVT-B.ST,Avtech Sweden AB B,First North Stockholm,14896792.49
AXIC-A.ST,aXichem AB ser. A,First North Stockholm,10795252.93
AXOLOT.ST,Axolot Solutions Holding AB,First North Stockholm,7923754.15
BTC-B.ST,B Treasury Capital AB ser. B,Spotlight Stockholm,7632755.98
BTC-PREF-A.ST,B Treasury Capital PREF A AB,Spotlight Stockholm,0.00
B3.ST,B3 Consulting Group AB,Nasdaq Stockholm Small Cap,20033117.21
BACTI-B.ST,Bactiguard Holding AB ser. B,Nasdaq Stockholm Small Cap,48663560.87
BALCO.ST,Balco Group AB,Nasdaq Stockholm Small Cap,34080081.57
BUSER.ST,Bambuser AB,First North Stockholm,14056003.49
BAWAT.ST,Bawat Water Technologies AB,First North Stockholm,0.00
BEGR.ST,BE Group AB,Nasdaq Stockholm Small Cap,52046206.46
BEAMMW-B.ST,BeammWave AB ser. B,First North Stockholm,64245417.73
BEO-SDB.ST,Beowulf Mining PLC SDB,Spotlight Stockholm,98375685.33
BHOLM.ST,Bergholm Fritidsfordon AB,Spotlight Stockholm,0.00
BERNER-B.ST,Berner Industrier AB ser. B,Nasdaq Stockholm Small Cap,121744366.29
BESQAB.ST,Besqab AB,Nasdaq Stockholm Mid Cap,253271676.86
BESQAB-PREF-B.ST,Besqab AB Pref B,Nasdaq Stockholm Mid Cap,0.00
BEYOND.ST,Beyond Frames Entertainment AB,Spotlight Stockholm,4264172.23
BIBB.ST,BibbInstruments AB,Spotlight Stockholm,5961297.38
BICO.ST,BICO Group AB,Nasdaq Stockholm Mid Cap,126048606.20
BIM.ST,BIMobject AB,First North Stockholm,66280502.01
BINERO.ST,Binero Group AB,First North Stockholm,19879078.43
BIOWKS.ST,Bio-Works Technologies AB,Spotlight Stockholm,28474696.94
BIOEX.ST,Bioextrax AB,First North Stockholm,10185523.41
BIOF.ST,Biofrigas Sweden AB,Spotlight Stockholm,2048595.20
BINV.ST,BioInvent International AB,Nasdaq Stockholm Mid Cap,128447815.81
BIOSGN.ST,Biosergen AB,First North Stockholm,8900722.18
BIOVIC-B.ST,Biovica International AB ser. B,First North Premier Stockholm,7768325.07
BORG.ST,Björn Borg AB,Nasdaq Stockholm Small Cap,125851738.25
BLICK.ST,Blick Global Group AB,Spotlight Stockholm,1057213.80
BLINC-B.ST,BlincVision AB ser. B,First North Premier Stockholm,16543701.75
BLUE.ST,Bluelake Mineral,Nordic Growth Market,25529034.85
SHIP.ST,BlueYield,Nordic Growth Market,26578165.94
BOHO.ST,Boho Group AB,First North Stockholm,39707633.10
BOHO-PREF.ST,Boho Group AB Pref,First North Stockholm,0.00
BOKUS.ST,Bokusgruppen AB,First North Premier Stockholm,94481830.04
BOMILL.ST,BoMill AB,First North Stockholm,4988429.08
BONAV-A.ST,Bonava AB ser. A,Nasdaq Stockholm Mid Cap,257362062.27
BONAV-B.ST,Bonava AB ser. B,Nasdaq Stockholm Mid Cap,261188998.17
BONG.ST,Bong AB,Nasdaq Stockholm Small Cap,11473322.71
BONAS.ST,Bonäsudden Holding AB,First North Stockholm,35068373.80
BOTX.ST,Botnia Gold AB,First North Stockholm,38203484.72
BOUL.ST,Boule Diagnostics AB,Nasdaq Stockholm Small Cap,9191066.55
BPCINS.ST,BPC Instruments AB,Spotlight Stockholm,15419944.98
BRAIN.ST,BrainCool AB,First North Stockholm,31003970.39
BRIGHT.ST,BrightBid Group AB,First North Stockholm,4062017.73
BRILL.ST,Brilliant Future AB,First North Stockholm,4023448.91
BRIN-B.ST,Brinova Fastigheter AB ser. B,Nasdaq Stockholm Mid Cap,249365811.79
BRIX.ST,Briox,Nordic Growth Market,150104329.34
BMC.ST,Brock Milton Capital AB,First North Stockholm,35088851.97
BUDDY-B.ST,BuddyPro Group B,Nordic Growth Market,2281380.52
BULTEN.ST,Bulten AB,Nasdaq Stockholm Small Cap,121345426.81
BMAX.ST,Byggmax Group AB,Nasdaq Stockholm Mid Cap,269828809.78
AJA-B.ST,Byggmästare Anders J Ahlström Holding AB,Nasdaq Stockholm Mid Cap,134925687.34
BYGGP.ST,ByggPartner Gruppen AB,First North Premier Stockholm,141769356.94
BESS.ST,Byhmgard,Nordic Growth Market,14031402.45
CRAD-B.ST,C-RAD AB ser. B,Nasdaq Stockholm Small Cap,101153351.18
C100.ST,C100 AB,Spotlight Stockholm,0.00
CALVIK.ST,Calviks AB,First North Stockholm,30555291.97
CANDLE-B.ST,Candles Scandinavia AB ser. B,First North Stockholm,28527521.05
CANTA.ST,Cantargia AB,Nasdaq Stockholm Small Cap,39053690.04
CARA.ST,Carasent AB,Nasdaq Stockholm Small Cap,152843064.28
CARDEO.ST,Cardeon,Nordic Growth Market,5431560.44
CARE.ST,Careium AB,First North Stockholm,59275228.91
CASE.ST,Case Group AB,First North Stockholm,56217205.24
CAT-A.ST,Catella AB ser. A,Nasdaq Stockholm Mid Cap,139094762.10
CAT-B.ST,Catella AB ser. B,Nasdaq Stockholm Mid Cap,139734816.16
CTM.ST,Catena Media P.L.C,Nasdaq Stockholm Small Cap,18696204.54
CCC.ST,Cavotec Group AB,Nasdaq Stockholm Mid Cap,109808753.71
CDON.ST,CDON AB,First North Stockholm,44878891.00
CEDER.ST,Cedergrenska AB,First North Stockholm,51970666.64
CI.ST,Cell Impact AB,First North Stockholm,4600920.35
CRNO-B.ST,Cereno Scientific AB ser. B,First North Stockholm,123853694.32
CHARGE.ST,ChargePanel AB,First North Stockholm,8052627.42
CHECK.ST,Checkin.com Group AB,First North Stockholm,6053958.78
CHEF.ST,Cheffelo AB,First North Premier Stockholm,130772817.47
CHOSA.ST,CHOSA Oncology AB,Spotlight Stockholm,5049283.49
CINPHA.ST,Cinclus Pharma Holding AB,Nasdaq Stockholm Small Cap,48204207.69
CIRCHE.ST,CirChem AB,First North Stockholm,3353361.66
CLAV.ST,Clavister AB,First North Stockholm,138774022.97
CLEMO.ST,Clean Motion AB,First North Stockholm,2288584.19
CLEM.ST,Clemondo Group AB,First North Stockholm,7618756.16
CLIME-B.ST,Climeon AB ser. B,First North Premier Stockholm,16019224.19
CLS-B.ST,Clinical Laserthermia Systems AB ser. B,First North Stockholm,7896097.55
CDMIL.ST,CodeMill AB,First North Stockholm,16357880.26
COEGIN.ST,Coegin Pharma,Nordic Growth Market,7241453.01
COLLAX.ST,Collaxio AB ser. B,First North Stockholm,3620902.36
CX.ST,CombinedX AB,First North Premier Stockholm,66346667.16
CNCJO-B.ST,Concejo AB ser. B,Nasdaq Stockholm Small Cap,48323675.28
CORE-PREF.ST,Corem Property Group AB Pref,Nasdaq Stockholm Large Cap,0.00
CLBIO.ST,Corline Biomedical AB,First North Stockholm,35833182.27
CRET.ST,Creturner Group,Nordic Growth Market,719046.38
CRWN.ST,Crown Energy,Nordic Growth Market,15590912.23
CFISH.ST,Crunchfish AB,First North Stockholm,14655166.03
CRUST-B.ST,Crustal Resources B,Nordic Growth Market,2679871.00
CTEK.ST,CTEK AB,Nasdaq Stockholm Small Cap,85193823.06
CTT.ST,CTT Systems AB,Nasdaq Stockholm Mid Cap,145100798.43
CYCLE.ST,Cyclezyme AB,Spotlight Stockholm,0.00
CYNCA.ST,Cynca Nordic AB,Nasdaq Stockholm Mid Cap,115696801.31
DEDI.ST,Dedicare AB ser. B,Nasdaq Stockholm Small Cap,46602220.44
DSNO.ST,Desenio Group AB,First North Stockholm,9003932.58
DEVP-B.ST,DevPort AB ser. B,First North Premier Stockholm,9329353.45
DVYSR.ST,Devyser Diagnostics AB,First North Premier Stockholm,82162637.03
DEX.ST,DexTech Medical AB,Spotlight Stockholm,16112563.58
DIAH.ST,Diadrom Holding,Nordic Growth Market,2260806.11
DMYD-B.ST,Diamyd Medical AB ser. B,First North Stockholm,13589907.25
DICOT.ST,Dicot Pharma AB,First North Stockholm,75311453.54
DPHA.ST,Disruptive Pharma AB,First North Stockholm,5140283.06
DIST.ST,DistIT AB,First North Premier Stockholm,9479386.64
DMXSE-SDB.ST,District Metals Corporation,First North Stockholm,0.00
DIV-B.ST,Dividend Sweden B,Nordic Growth Market,2239613.71
DLAB.ST,Dlaboratory Sweden AB,First North Stockholm,4617320.96
DONE.ST,Done.ai Group AB,First North Stockholm,52794594.50
DBP-B.ST,Double Bond Pharmaceutical Int. AB ser. B,Spotlight Stockholm,2096235.98
DOXA.ST,Doxa AB,First North Stockholm,38985471.62
DRIL.ST,Drillcon AB,First North Premier Stockholm,14022707.42
DURC-B.ST,Duroc AB ser. B,Nasdaq Stockholm Small Cap,67441049.78
DUST.ST,Dustin Group AB,Nasdaq Stockholm Mid Cap,207466750.74
EASY-B.ST,EasyFill AB ser. B,Spotlight Stockholm,3092885.85
EATG.ST,EatGood Sweden AB,Spotlight Stockholm,461353.62
ECRTO1.ST,EC European Capital RTO 1 AB,Spotlight Stockholm,0.00
ECOMB.ST,ECOMB,Nordic Growth Market,909913.80
ECO-B.ST,EcoRub AB ser. B,Spotlight Stockholm,3798390.48
EDYOU.ST,edyoutec AB,Spotlight Stockholm,1914190.39
ALBERT.ST,eEducation Albert AB,First North Stockholm,10139353.45
EFFH.ST,Effnetplattformen Holding AB,First North Stockholm,8051356.16
ELAN-B.ST,Elanders AB ser. B,Nasdaq Stockholm Mid Cap,155944666.03
ELIC.ST,Elicera Therapeutics AB,First North Stockholm,17398086.64
ELLOS.ST,Ellos Holding AB,Nasdaq Stockholm Small Cap,0.00
ELON.ST,Elon AB,Nasdaq Stockholm Small Cap,42828936.16
ELTEL.ST,Eltel AB,Nasdaq Stockholm Small Cap,212791098.69
EMB.ST,EMB Mission Bound AB,First North Stockholm,12192109.43
EMART.ST,EmbeddedArt Group,Nordic Growth Market,10421412.93
EMBELL.ST,Embellence Group AB,First North Premier Stockholm,68663168.65
EG7.ST,Enad Global 7 AB,Nasdaq Stockholm Small Cap,121800829.61
ENEA.ST,Enea AB,Nasdaq Stockholm Mid Cap,103776087.60
ENERS.ST,Enersize Oyj,First North Stockholm,776097.47
ENRO.ST,Eniro Group AB,Nasdaq Stockholm Small Cap,38148843.67
ERMA.ST,Enorama Pharma AB,First North Stockholm,4950864.45
ENRAD.ST,Enrad,Nordic Growth Market,21234493.89
ENVAR.ST,Envar Holding AB,First North Stockholm,48908296.94
ENVI-B.ST,Envirologic AB ser. B,Spotlight Stockholm,15595495.37
ENZY.ST,Enzymatica AB,First North Stockholm,43247128.38
EOLU-B.ST,Eolus Aktiebolag ser. B,Nasdaq Stockholm Small Cap,113033013.10
EPIS-B.ST,Episurf Medical AB B,Nasdaq Stockholm Small Cap,68078939.48
EQL.ST,EQL Pharma AB,Nasdaq Stockholm Small Cap,66538335.20
ESGR-B.ST,ES Group AB ser. B,First North Stockholm,8254271.62
BAT.ST,Eurobattery Minerals,Nordic Growth Market,17663737.47
EWRK.ST,Ework Group AB,Nasdaq Stockholm Mid Cap,88021671.00
EXALT.ST,Exalt AB,Spotlight Stockholm,1076228.03
EXPRS2.ST,ExpreS2ion Biotech Holding AB,First North Stockholm,2592683.76
EXS.ST,Exsitec Holding AB,First North Stockholm,144268322.10
FABLE.ST,Fable Media Group AB,Spotlight Stockholm,18987950.39
FAG.ST,Fagerhult Group AB,Nasdaq Stockholm Mid Cap,263681736.07
FG.ST,Fasadgruppen Group AB,Nasdaq Stockholm Mid Cap,130014380.96
TRIAN-B.ST,Fastighets AB Trianon ser. B,Nasdaq Stockholm Mid Cap,285015853.01
EMIL-PREF.ST,Fastighetsbolaget Emilshus AB Pref,Nasdaq Stockholm Mid Cap,0.00
FERRO.ST,Ferroamp AB,First North Stockholm,25348420.70
FNM.ST,Ferronordic AB,Nasdaq Stockholm Small Cap,120574779.91
FINE.ST,Finepart Sweden AB,Spotlight Stockholm,2398209.08
FIRE.ST,Firefly AB,First North Stockholm,85958917.03
FIRST-B.ST,First Venture Sweden AB ser. B,First North Stockholm,6203195.72
FLMNG.ST,Fleming Properties AB,Spotlight Stockholm,30558056.07
FLERIE.ST,Flerie AB,Nasdaq Stockholm Mid Cap,143179042.79
FLEXM.ST,Flexion Mobile Plc,First North Stockholm,14685192.31
FLEXQ.ST,FlexQube AB,First North Stockholm,56248162.79
FLOWS.ST,Flowscape Technology AB,First North Stockholm,5201487.51
FLUI.ST,Fluicell AB,First North Stockholm,4007133.62
FLUO.ST,FluoGuide A/S,First North Stockholm,50391950.13
FNOVA-B.ST,Fortinova Fastigheter AB ser. B,Nasdaq Stockholm Small Cap,105808672.84
FRACTL.ST,Fractal Gaming Group AB,First North Premier Stockholm,35565081.22
FRAG.ST,Fragbite Group AB,First North Stockholm,3781044.19
FRAM-B.ST,Fram Skandinavien AB ser. B,First North Stockholm,1193449.34
F2M.ST,Free2Move Holding,Nordic Growth Market,382800.70
FREEM.ST,Freemelt Holding AB,First North Stockholm,36988733.54
FREJA.ST,Freja eID Group AB,First North Premier Stockholm,43901584.45
FRILAN.ST,Frilans,Spotlight Stockholm,0.00
FRNT-B.ST,Front Ventures B,Nordic Growth Market,15309767.95
FRWA-B.ST,Frontwalker,Nordic Growth Market,10096084.98
FSPORT.ST,FSport AB,First North Stockholm,1181586.29
FXI.ST,FX International AB,Spotlight Stockholm,628215.72
G5EN.ST,G5 Entertainment AB,Nasdaq Stockholm Small Cap,41370562.45
GABA.ST,Gabather AB,First North Stockholm,1599540.52
THRILL.ST,Gamethrill,Nordic Growth Market,823749.78
GCOR.ST,Gaming Corps AB,First North Stockholm,10187258.43
GAPW-B.ST,Gapwaves AB B,First North Stockholm,37765453.36
GARO.ST,Garo AB,Nasdaq Stockholm Small Cap,48820960.70
GARPCO-B.ST,Garpco B,Nordic Growth Market,26387036.68
GPX.ST,Gasporox AB,First North Stockholm,4901264.28
GENI.ST,Generic Sweden AB,First North Stockholm,42351108.21
GPG.ST,Genova Property Group AB,Nasdaq Stockholm Mid Cap,152177219.91
GENO.ST,Genovis AB,First North Stockholm,115970490.74
G2M.ST,Gentoo Media Inc.,Nasdaq Stockholm Mid Cap,42262432.40
GIG-SDB.ST,GiG Software PLC,First North Premier Stockholm,32806979.91
GIGA.ST,Gigasun AB,First North Stockholm,15710504.19
GTAB-B.ST,Glycorex Transplantation B,Nordic Growth Market,8608513.45
GTG.ST,Gold Town Games,Nordic Growth Market,889874.85
GOMERO.ST,Gomero Group AB,Spotlight Stockholm,5060908.30
GOMX.ST,GomSpace Group AB,First North Premier Stockholm,180342121.05
BTCX.ST,Goobit Group,Nordic Growth Market,1065388.56
GBK.ST,Goodbye Kansas Group AB,First North Stockholm,2859882.01
GOSOL.ST,Gosol Energy Group AB,Spotlight Stockholm,4224798.95
GAD.ST,Gotland Art & Design AB,Spotlight Stockholm,0.00
GRANGX.ST,GRANGEX AB,First North Premier Stockholm,36750656.68
GREAT.ST,Greater Than AB,First North Stockholm,14829141.75
GREEN.ST,Green Landscaping Group AB,Nasdaq Stockholm Mid Cap,108455784.45
GMERC-B.ST,GreenMerc B,Nordic Growth Market,0.00
GGEO.ST,Guideline Geo AB,First North Stockholm,8683495.90
GULD.ST,Guldbrev Holding AB,First North Stockholm,31541570.31
GJAB.ST,Gullberg & Jansson AB,Spotlight Stockholm,12205416.24
H100.ST,H100 Group,Nordic Growth Market,45690942.01
HAKI-A.ST,HAKI Safety AB ser. A,Nasdaq Stockholm Small Cap,55268612.31
HAKI-B.ST,HAKI Safety AB ser. B,Nasdaq Stockholm Small Cap,55268612.31
HAMLET-B.ST,Hamlet BioPharma AB ser. B,Spotlight Stockholm,87022273.71
HAV-B.ST,Havsfrun Investment AB ser. B,Nasdaq Stockholm Small Cap,14019630.04
HEGR.ST,Hedera Group AB,First North Stockholm,1295162.88
HMPLY.ST,Hemply Balance Holding,Nordic Growth Market,821969.61
HERNO-B.ST,Hernö Gin AB ser. B,First North Stockholm,0.00
HEXI.ST,Hexicon AB,First North Stockholm,3399728.12
HFRTO-B.ST,HF Reverse (RTO) AB ser. B,Spotlight Stockholm,0.00
HIGHCO-B.ST,High Coast Distillery AB ser. B,First North Stockholm,14444580.87
HILB-B.ST,Hilbert Group AB ser. B,First North Stockholm,19927800.09
HOLDFL.ST,Holdflight,Nordic Growth Market,1553647.69
HOME-B.ST,HomeMaid AB ser. B,Spotlight Stockholm,50818484.89
HOODIN.ST,Hoodin AB,Spotlight Stockholm,1054846.03
HUM.ST,Humana AB,Nasdaq Stockholm Mid Cap,286138573.89
HUMBLE.ST,Humble Group AB,Nasdaq Stockholm Mid Cap,217357004.80
HUNTER.ST,Hunter Capital AB,Spotlight Stockholm,4243087.34
HCRTO1.ST,Hunter Capital RTO 1 AB,Spotlight Stockholm,0.00
HCRTO2.ST,Hunter Capital RTO 2 AB,Spotlight Stockholm,0.00
HYCO.ST,Hybricon,Nordic Growth Market,1906501.75
LOVE-B.ST,I Love Lund AB ser. B,Spotlight Stockholm,3667592.40
ITECH.ST,I-Tech AB,First North Stockholm,75130184.37
ICO.ST,Iconovo AB,First North Stockholm,7937332.93
IDLDX.ST,IDL Diagnostics AB,First North Stockholm,7906716.07
IS.ST,Image Systems AB,Nasdaq Stockholm Small Cap,6588133.54
IMHO-B.ST,IMHO Intermedia House,Nordic Growth Market,325226.81
IMMNOV.ST,Immunovia AB,Nasdaq Stockholm Small Cap,8389242.97
IMPC.ST,Impact Coatings AB,First North Stockholm,27384597.55
INCOAX.ST,InCoax Networks AB,First North Stockholm,10179116.51
IBT-B.ST,Infant Bacterial Therapeutics AB ser. B,Nasdaq Stockholm Small Cap,74828149.52
INFRA.ST,Infracom,Nordic Growth Market,39428808.12
INFREA.ST,Infrea AB,Nasdaq Stockholm Small Cap,33544197.90
ISAB.ST,Inhalation Sciences Sweden AB,Spotlight Stockholm,605875.98
INISS-B.ST,Inission AB ser. B,Nasdaq Stockholm Small Cap,137436896.16
INIT.ST,Initiator Pharma A/S,First North Stockholm,14035571.79
INQ.ST,INQ Group AB,Nasdaq Stockholm Small Cap,18330992.84
INSIG-PREF.ST,Insig PREF,Nordic Growth Market,0.00
INSP.ST,Insplorion AB,Spotlight Stockholm,687074.59
INTEG-B.ST,Integrum AB ser. B,First North Stockholm,21427491.00
IVACC.ST,Intervacc AB,First North Stockholm,28783087.60
IMS.ST,Invent Medic Sweden AB,Spotlight Stockholm,1947387.07
IRIS.ST,Irisity AB,First North Stockholm,10267755.02
IRLAB-A.ST,IRLAB Therapeutics AB ser. A,Nasdaq Stockholm Small Cap,24001714.41
ISOFOL.ST,Isofol Medical AB,Nasdaq Stockholm Small Cap,21272806.38
IZAFE-B.ST,iZafe Group AB ser. B,First North Stockholm,12184418.60
JLT.ST,JLT Mobile Computers AB,First North Stockholm,3786473.36
JDT.ST,JonDeTech Sensors,Nordic Growth Market,4039193.36
GATE.ST,Jumpgate,Nordic Growth Market,2939577.55
KFAST-B.ST,K-Fast Holding AB B,Nasdaq Stockholm Mid Cap,240622138.17
K2A-PREF.ST,K2A Knaust & Andersson Fastigheter  Pref,Nasdaq Stockholm Small Cap,0.00
K2A-B.ST,K2A Knaust & Andersson Fastigheter B,Nasdaq Stockholm Small Cap,32021382.62
K33.ST,K33 AB,First North Stockholm,29466409.52
KABE-B.ST,KABE Group AB ser. B,Nasdaq Stockholm Mid Cap,184716157.21
KAKEL.ST,Kakel Max AB,First North Stockholm,2866308.65
KAPIAB.ST,Kallebäck Property Invest AB,First North Stockholm,64711790.39
KAV.ST,Katalysen Ventures AB,Spotlight Stockholm,5171739.21
KBC.ST,KB Components AB,First North Premier Stockholm,200034934.50
KDV-B.ST,KDventures AB ser. B,Nasdaq Stockholm Small Cap,18209798.60
KEBNI-B.ST,KebNi AB ser. B,First North Stockholm,19547731.35
KENH.ST,Kentima Holding AB,First North Stockholm,7284160.52
KEOC.ST,Keo Capital AB,Nasdaq Stockholm Small Cap,214456445.24
BRAVE.ST,Kinda Brave Entertainment Group AB,First North Stockholm,12688018.08
KJELL.ST,Kjell Group AB,First North Stockholm,137384762.79
KLARA-B.ST,KlaraBo Sverige AB ser. B,Nasdaq Stockholm Mid Cap,182088893.54
KLAR.ST,Klaria Pharma Holding AB,First North Stockholm,13104406.38
KLIMAT.ST,Klimator AB,First North Stockholm,11360327.86
KNOW.ST,Knowit AB,Nasdaq Stockholm Mid Cap,230519491.70
KONT.ST,Kontigo Care AB,Spotlight Stockholm,4248643.41
KOBR-B.ST,Kopparbergs B,Nordic Growth Market,210950460.26
KRONA.ST,Krona Public Real Estate AB,Spotlight Stockholm,27234091.27
KVIX.ST,Kvix,Nordic Growth Market,2906238.43
LAMM-B.ST,Lammhults Design Group AB ser. B,Nasdaq Stockholm Small Cap,18533947.42
LANE-B.ST,Lane Capital Group AB ser. B,Spotlight Stockholm,686751.97
LGOLD-B.ST,Lappland Guldprospektering AB B,Spotlight Stockholm,15267776.94
LATF-B.ST,Latvian Forest Company B,Nordic Growth Market,24642781.05
LEMSE.ST,Leading Edge Materials Corp.,First North Stockholm,41022103.93
LEVBIO.ST,Level Bio,Nordic Growth Market,1295663.14
LAIR.ST,LightAir,Nordic Growth Market,3138469.26
LIGR.ST,Lightning Group AB,Spotlight Stockholm,7421635.28
LIME.ST,Lime Technologies AB,Nasdaq Stockholm Mid Cap,282491495.55
LINKAB.ST,Link Prop Investment,Nordic Growth Market,17075109.17
LITI.ST,Litium AB,First North Stockholm,17828362.10
LOGIST-A.ST,Logistri Fastighets AB ser. A,Spotlight Stockholm,124970597.64
LOGIST-B.ST,Logistri Fastighets AB ser. B,Spotlight Stockholm,126237191.53
LOHILO.ST,Lohilo Foods,Nordic Growth Market,9836569.87
LOVI.ST,Lovisagruvan AB,Spotlight Stockholm,3646113.54
LOYAL.ST,Loyal Solutions A/S,First North Stockholm,7509692.58
LUC.ST,Lucara Diamond Corp,First North Stockholm,155552856.59
LUMEN.ST,LumenRadio AB,First North Stockholm,56700937.12
LUMITO.ST,Lumito,Nordic Growth Market,320977.64
LXB.ST,Luxbright AB,First North Stockholm,1045132.31
LYGRD.ST,Lyckegård Group AB,First North Stockholm,17832991.44
LYKO-A.ST,Lyko Group AB ser. A,First North Premier Stockholm,110579737.29
LARK.ST,Lärkberget AB,First North Stockholm,4012120.26
MOBA.ST,M.O.B.A. Network AB,First North Stockholm,1881980.70
MAGI.ST,MAG Interactive AB,First North Premier Stockholm,19807356.33
MAGLE.ST,Magle Chemoswed Holding AB,First North Stockholm,1004367.95
MAHVIE.ST,Mahvie Minerals,Nordic Growth Market,5957862.10
MEAB-B.ST,Malmbergs Elektriska AB ser. B,Nasdaq Stockholm Small Cap,21938864.63
MANG.ST,Mangold AB,Nasdaq Stockholm Small Cap,70317738.86
MANTEX.ST,Mantex AB,First North Stockholm,1280943.23
MAVEN.ST,Maven Wireless Sweden AB,First North Stockholm,24942106.90
MAV.ST,Mavshack AB,First North Stockholm,279453.62
MAXENT-B.ST,Maximum Entertainment AB ser. B,First North Stockholm,1311344.45
MCLR.ST,Medclair,Nordic Growth Market,22571589.61
MEGR.ST,Mediacle Group,Nordic Growth Market,7379124.89
MEDFIN-B.ST,Medicortex International B,Nordic Growth Market,2260319.39
MVIR.ST,Medivir AB,Nasdaq Stockholm Small Cap,99191913.71
MEDS.ST,Meds Apotek AB,First North Premier Stockholm,38439683.84
IMMU.ST,Mendus AB,Nasdaq Stockholm Small Cap,39777844.63
MNTC.ST,Mentice AB,First North Premier Stockholm,33898265.76
META.ST,Metacon AB,First North Stockholm,15839073.36
MSAB-B.ST,Micro Systemation AB B,Nasdaq Stockholm Small Cap,148715008.65
MPOS.ST,Micropos Medical AB,Spotlight Stockholm,17288134.85
MSON-A.ST,Midsona AB ser. A,Nasdaq Stockholm Small Cap,131029031.79
MSON-B.ST,Midsona AB ser. B,Nasdaq Stockholm Small Cap,131029031.79
MIDS.ST,Midsummer AB,First North Premier Stockholm,67054675.20
MINEST.ST,Minesto AB,First North Stockholm,30668181.31
MIR.ST,Miris Holding AB,Spotlight Stockholm,2467211.53
MOB.ST,Moberg Pharma AB,Nasdaq Stockholm Small Cap,47135762.79
MODEL.ST,Modelon AB,First North Stockholm,11539661.05
MODTX.ST,Modus Therapeutics Holding AB,First North Stockholm,6040850.13
MOFAST.ST,Mofast AB,Spotlight Stockholm,45315158.78
MOMENT.ST,Moment Group AB,Nasdaq Stockholm Small Cap,10878089.52
MONI.ST,Monivent AB,Spotlight Stockholm,3469011.53
MBBAB.ST,MoveByBike Europe AB,Spotlight Stockholm,2336770.66
MRSELL.ST,mResell Holding AB,Spotlight Stockholm,9872423.32
MTI.ST,MTI Investment AB,First North Stockholm,0.00
MYBEAT.ST,My Beat AB,Spotlight Stockholm,0.00
SAFETY-B.ST,mySafety Group AB ser. B,Nasdaq Stockholm Small Cap,35104589.43
NANEXA.ST,Nanexa AB,First North Stockholm,80926971.70
NANOC-B.ST,NanoCap Group AB ser. B,First North Stockholm,2144855.81
NANECH.ST,NanoEcho AB,First North Stockholm,0.00
NANOFS.ST,Nanoform Finland Oyj,First North Premier Stockholm,76537648.82
NICA.ST,Nanologica AB,Nasdaq Stockholm Small Cap,9705171.00
NATTA.ST,Nattaro Labs AB,Spotlight Stockholm,2508200.35
NAVIGO-STAM.ST,Navigo Invest AB,First North Premier Stockholm,45011225.85
NAVIGO-PREF.ST,Navigo Invest AB Pref,First North Premier Stockholm,44731749.87
NAXS.ST,NAXS AB,Nasdaq Stockholm Small Cap,29743545.59
NEEMS-B.ST,Neem's Hill AB B,First North Stockholm,6273324.28
NELLY.ST,Nelly Group AB,Nasdaq Stockholm Mid Cap,91494953.97
NEOBO.ST,Neobo Fastigheter AB,Nasdaq Stockholm Mid Cap,233897821.40
NEOLA.ST,Neola Medical AB,First North Stockholm,5162022.62
NEO-B.ST,Neovici Holding AB ser. B,First North Stockholm,15681275.20
NEPA.ST,Nepa AB,First North Stockholm,10953521.14
NETI-B.ST,Net Insight AB ser. B,Nasdaq Stockholm Mid Cap,94868618.08
NETEL.ST,Netel Holding AB,Nasdaq Stockholm Small Cap,14066324.72
BBROOM.ST,New Bubbleroom Sweden AB,First North Stockholm,0.00
NNH.ST,New Nordic Healthbrands AB,First North Stockholm,9252220.09
NEWBRY.ST,Newbury Pharmaceuticals AB,First North Stockholm,0.00
NEXAM.ST,Nexam Chemical Holding AB,First North Premier Stockholm,26585609.78
NXAR.ST,Nexar Group,Nordic Growth Market,1509385.59
NXTCL.ST,NextCell Pharma AB,First North Stockholm,11678930.22
NFO.ST,NFO Drives AB,Spotlight Stockholm,1711437.73
NGS.ST,NGS Group,Nordic Growth Market,5742719.65
NICO.ST,Nicoccino Holding AB,First North Stockholm,5547005.59
NIDHOG.ST,Nidhogg Resources Holding AB,Spotlight Stockholm,422537.73
NILS.ST,Nilsson Special Vehicles AB,Spotlight Stockholm,1885480.52
BOAT.ST,Nimbus Group AB,First North Stockholm,43003506.72
NITRO.ST,Nitro Games Oyj,First North Stockholm,4524282.45
NIVI-B.ST,Nivika Fastigheter AB ser. B,Nasdaq Stockholm Mid Cap,291550224.72
NOBI.ST,Nobia AB,Nasdaq Stockholm Mid Cap,188881058.60
NODE.ST,Nodebis Applications,Nordic Growth Market,19974956.33
NORDIG.ST,Nord Insuretech Group,Nordic Growth Market,19852532.93
NORDEN.ST,Norden Estates AB,Spotlight Stockholm,0.00
NFGAB.ST,Nordic Flanges Group AB,First North Stockholm,5529863.67
NIO.ST,Nordic Iron Ore AB,First North Stockholm,23903805.24
LEVEL.ST,Nordic LEVEL Group AB,First North Stockholm,9729210.31
NORB-B.ST,Nordisk Bergteknik AB ser. B,Nasdaq Stockholm Small Cap,52238926.64
NOTEK.ST,Norditek Group AB,First North Stockholm,12412033.62
NREST.ST,Nordrest Holding AB,First North Stockholm,292863013.19
CAPS.ST,Northern CapSek Ventures,Nordic Growth Market,574891.35
CAPS-PREF.ST,Northern CapSek Ventures PREF,Nordic Growth Market,574891.35
NOSA.ST,Nosa Plugs AB,First North Stockholm,10122872.05
NTEK-B.ST,NOVOTEK AB ser. B,Nasdaq Stockholm Small Cap,62211353.71
NOVU.ST,Novus Group International AB,Spotlight Stockholm,2771972.49
NOWO.ST,Nowonomics,Nordic Growth Market,12136216.94
NP3-PREF.ST,NP3 Fastigheter AB Pref,Nasdaq Stockholm Large Cap,0.00
NYOR.ST,Nyorda AB,Nasdaq Stockholm Small Cap,32597362.27
OBDU-B.ST,Obducat B,Nordic Growth Market,29140821.22
OBDU-PREF-B.ST,Obducat PREF B,Nordic Growth Market,29140821.22
OBSE.ST,Observit AB,First North Stockholm,36332702.10
ODI.ST,ODI Pharma AB,Spotlight Stockholm,3554020.09
ODIN.ST,Odinwell AB,Spotlight Stockholm,1287522.01
OGUN-B.ST,Ogunsen AB ser. B,First North Stockholm,20670969.43
ONCO.ST,Oncopeptides AB,Nasdaq Stockholm Small Cap,53926633.28
ONCOZ.ST,OncoZenge AB,First North Stockholm,7305262.62
ONEF.ST,Oneflow AB,First North Premier Stockholm,43557276.24
OBAB.ST,Online Brands Nordic AB,First North Stockholm,40080136.77
OODA.ST,OODA AI AB,First North Stockholm,9108685.33
OPSYH.ST,Opsy Holding AB,Spotlight Stockholm,10457518.34
OPTER.ST,Opter AB,First North Stockholm,41921397.38
OPTI.ST,OptiCept Technologies AB,First North Stockholm,15112516.59
ORX.ST,Orexo AB,Nasdaq Stockholm Small Cap,40503006.03
ORGC.ST,OrganoClick AB,First North Stockholm,3840400.61
ORRON.ST,Orrön Energy AB,Nasdaq Stockholm Mid Cap,189823305.94
ORTIN.ST,Ortelius International AB,First North Stockholm,574497.73
ORTI-A.ST,Ortivus AB ser. A,First North Stockholm,14722087.34
ORTI-B.ST,Ortivus AB ser. B,First North Stockholm,14672284.72
ORT-B.ST,Ortoma AB ser. B,First North Stockholm,30073919.04
OURLIV.ST,OurLiving AB,Spotlight Stockholm,3833967.95
OXE.ST,OXE Marine AB,First North Stockholm,17625385.59
PAX.ST,Paxman AB,First North Stockholm,118907845.94
PMED.ST,PEPTONIC Medical AB,Spotlight Stockholm,1926988.30
PERP-B.ST,Perpetua Medical AB ser. B,First North Stockholm,1935560.17
PEXA-B.ST,PExA AB,Spotlight Stockholm,5941091.00
PCAT.ST,Photocat A/S,Spotlight Stockholm,2100170.39
PTRK.ST,Physitrack PLC,First North Premier Stockholm,12077795.98
PIERCE.ST,Pierce Group AB,Nasdaq Stockholm Small Cap,58622475.55
PILA.ST,PILA PHARMA AB,First North Stockholm,9176321.22
PION-B.ST,PION Group AB ser. B,Nasdaq Stockholm Small Cap,27348667.69
PIXEL.ST,PixelFox,Nordic Growth Market,7358863.76
POLAR.ST,PolarCool AB,Spotlight Stockholm,1258443.58
POLYG.ST,Polygiene Group AB,First North Stockholm,12760520.17
POLYMER.ST,Polymer Factory,Nordic Growth Market,1077716.16
PCELL.ST,PowerCell Sweden AB,Nasdaq Stockholm Mid Cap,102740109.96
PREBON.ST,Prebona AB,Spotlight Stockholm,1905497.47
PRCO-B.ST,Precio Fishbone AB ser. B,First North Premier Stockholm,14745265.07
PREC.ST,Precise Biometrics AB,Nasdaq Stockholm Small Cap,14583758.95
PCOM-B.ST,Precomp Solutions AB ser. B,First North Stockholm,2608841.05
SNX.ST,Premium Snacks Nordic AB,First North Stockholm,38963687.16
PHOL-PREF.ST,Preservia Holding PREF,Nordic Growth Market,1048034.93
PHYR-B.ST,Preservia Hyresfastigheter B,Nordic Growth Market,620141.66
PHYR-PREF.ST,Preservia Hyresfastigheter PREF,Nordic Growth Market,0.00
PRESRV.ST,Preservium Property AB,Spotlight Stockholm,19268646.29
PREV-B.ST,Prevas AB ser. B,Nasdaq Stockholm Small Cap,68196064.45
PRIC-B.ST,Pricer AB ser. B,Nasdaq Stockholm Small Cap,57726565.94
PACT.ST,Proact IT Group AB,Nasdaq Stockholm Mid Cap,298188623.23
PROF-B.ST,ProfilGruppen AB ser. B,Nasdaq Stockholm Small Cap,80772652.84
PRFO.ST,Profoto Holding AB,Nasdaq Stockholm Small Cap,26200873.36
PRLD.ST,Prolight Diagnostics,Nordic Growth Market,23037617.99
PRPORT.ST,Proport Invest AB,Spotlight Stockholm,0.00
PROGEN.ST,Prostatype Genomics AB,First North Stockholm,7257799.74
PROVIT.ST,Provide IT Sweden AB,Spotlight Stockholm,442630.04
PVRTO1-B.ST,PublicVC RTO1 AB B,Spotlight Stockholm,0.00
PVRTO2-B.ST,PublicVC RTO2 AB B,Spotlight Stockholm,0.00
QLINEA.ST,Q-Linea AB,Nasdaq Stockholm Small Cap,30781378.78
QBEN.ST,Qben Infra AB,First North Premier Stockholm,40576135.20
QBIM.ST,QBIM AB,First North Stockholm,0.00
QBNK.ST,QBNK Holding AB,Spotlight Stockholm,5705942.36
QBRICK.ST,Qbrick,Nordic Growth Market,1777291.62
QIIWI.ST,Qiiwi Games AB,First North Stockholm,4031001.31
QAIR.ST,QleanAir AB,First North Premier Stockholm,23748765.07
QLIFE.ST,QLife Holding AB,First North Stockholm,4170994.67
QLIRO.ST,Qliro AB,Nasdaq Stockholm Small Cap,51659186.99
QCORE.ST,Qlucore AB,First North Stockholm,1464986.55
QSYS.ST,Qualisys Holding Aktiebolag,First North Premier Stockholm,42663755.46
RAIL.ST,Railcare Group AB,Nasdaq Stockholm Small Cap,62735137.38
RMDX.ST,Railway Metrics and Dynamics,Nordic Growth Market,8296555.63
RAKE.ST,Raketech Group Holding plc,First North Premier Stockholm,4933367.34
RAMSH.ST,Ramlösa Shipping AB,Spotlight Stockholm,0.00
RLOS-B.ST,RanLOS,Nordic Growth Market,3237529.52
RPLAN.ST,Ranplan Group AB,First North Stockholm,6566837.21
REAL.ST,Real Fastigheter,Nordic Growth Market,25803626.11
REALFI.ST,Realfiction Holding AB,First North Stockholm,1055381.75
RECY-B.ST,Recyctec Holding AB ser. B,Spotlight Stockholm,734671.44
REDS.ST,Redsense Medical AB,Spotlight Stockholm,5227895.46
RLVNC.ST,Relevance Communication Nordic,Nordic Growth Market,1171464.45
RENT.ST,Rentunder Holding,Nordic Growth Market,569898.60
RESP.ST,Respiratorius AB,Spotlight Stockholm,1580549.61
RROS.ST,Rottneros AB,Nasdaq Stockholm Small Cap,68674022.36
RUG.ST,RugVista Group AB,First North Premier Stockholm,120717188.65
S2M.ST,S2Medical AB ser. B,First North Stockholm,851473.45
SAFE.ST,Safe at Sea AB,Spotlight Stockholm,2773752.93
SLG-B.ST,Safe Lane Gaming B,Nordic Growth Market,1406820.00
SFL.ST,Safello Group AB,First North Stockholm,5518713.01
STATE.ST,Safestate Group,Nordic Growth Market,82513171.27
SFTR.ST,Safeture AB,First North Stockholm,13382413.01
SALT-B.ST,SaltX Technology Holding AB ser. B,First North Premier Stockholm,102354156.86
SANION.ST,Saniona AB,Nasdaq Stockholm Small Cap,122358590.39
SARS.ST,SARSYS,Nordic Growth Market,2220173.01
YIELD.ST,SaveLend Group AB,First North Stockholm,8005032.84
SAXG.ST,Saxlund Group AB,First North Stockholm,6098766.11
SBOK-B.ST,ScandBook Holding AB,First North Stockholm,21437567.60
SDOS.ST,ScandiDos AB,First North Stockholm,4232264.10
ASTOR.ST,Scandinavian Astor Group,Nordic Growth Market,86161336.42
SES.ST,Scandinavian Enviro Systems AB,First North Stockholm,11807313.45
HEART.ST,Scandinavian Real Heart AB,First North Stockholm,13210549.08
SCIB.ST,Scibase Holding AB,First North Stockholm,19462675.28
SEAF.ST,Seafire AB,Nasdaq Stockholm Small Cap,49106728.38
SDS.ST,Seamless Distribution Systems,Nordic Growth Market,13504282.27
STW.ST,SeaTwirl AB,First North Stockholm,16408787.16
SEDANA.ST,Sedana Medical AB,Nasdaq Stockholm Small Cap,89533399.74
SEHED-B.ST,SEHED Byggmästargruppen B,Nordic Growth Market,118286664.19
SGG.ST,Sensys Gatso Group AB,Nasdaq Stockholm Small Cap,42798272.05
SENZA.ST,SenzaGen AB,First North Stockholm,13571044.10
SEZI.ST,Senzime AB,Nasdaq Stockholm Small Cap,44487052.31
SERT.ST,Serstech AB,First North Stockholm,11416593.01
SERV.ST,Servana AB,Spotlight Stockholm,4753839.30
SHT-B.ST,SHT Smart High-Tech AB ser. B,Spotlight Stockholm,101882564.89
SIBEK.ST,SIBEK AB,First North Stockholm,52140794.76
SIVI.ST,Siljansvik AB,First North Stockholm,139551917.38
SIMRIS-B.ST,Simris Group AB ser. B,First North Stockholm,10562574.41
SINT.ST,SinterCast AB,Nasdaq Stockholm Small Cap,64296531.88
SCC-B.ST,Sjöstrand Coffee Int AB ser. B,Spotlight Stockholm,2412903.49
SKOLON.ST,Skolon AB,First North Stockholm,51465222.71
SKMO.ST,Skåne-möllan AB,First North Stockholm,52358078.60
SLEEP.ST,Sleep Cycle AB,Nasdaq Stockholm Small Cap,39226901.31
SLOTT-B.ST,Slottsviken Fastighetsaktiebolag ser. B,Spotlight Stockholm,4506550.22
SEYE.ST,Smart Eye AB,First North Stockholm,187777475.63
SMCRT.ST,SmartCraft Group AB,Nasdaq Stockholm Mid Cap,206910421.57
SMOL.ST,Smoltek Nanotech Holding AB,Spotlight Stockholm,24763332.05
SOCIAL.ST,Sociallite US AB,Spotlight Stockholm,402197.64
SOF-B.ST,Softronic AB ser. B,Nasdaq Stockholm Small Cap,102047880.09
SFAB.ST,Solid Försäkringsaktiebolag,Nasdaq Stockholm Small Cap,169632346.38
SOLIDX.ST,SolidX AB,Spotlight Stockholm,6405154.06
SOLNA.ST,Solnaberg Property AB,First North Stockholm,38749344.98
SOLT.ST,SolTech Energy Sweden AB,First North Stockholm,10397506.81
SIN.ST,Solution International Nordics AB,Spotlight Stockholm,10402233.10
SONE.ST,Sonetel AB,First North Stockholm,3557557.21
SOSI.ST,Sotkamo Silver,Nordic Growth Market,144660363.32
SOUND.ST,Sound Dimension AB,Spotlight Stockholm,8247732.66
SPACEN-B.ST,Space Nord Invest AB ser. B,First North Stockholm,20456752.75
SPAGO.ST,Spago Nanomedical AB,First North Stockholm,7530572.40
SPEONE.ST,SpectrumOne AB,First North Stockholm,5033189.43
SPERM.ST,Spermosens AB,Spotlight Stockholm,2934444.10
SPGR.ST,Spotlight Group AB,Spotlight Stockholm,16838794.06
SPRINT.ST,Sprint Bioscience AB,First North Premier Stockholm,25250006.46
STVA-B.ST,Star Vault B,Nordic Growth Market,2684442.10
STAR-A.ST,Starbreeze AB ser. A,Nasdaq Stockholm Small Cap,14186323.93
STAR-B.ST,Starbreeze AB ser. B,Nasdaq Stockholm Small Cap,14186323.93
STIL.ST,Stille AB,First North Stockholm,187556491.97
STHLM.ST,Stockholm Treasury AB,Spotlight Stockholm,521820.17
STWK.ST,Stockwik AB,Nasdaq Stockholm Small Cap,9194864.54
SBG.ST,StoneBeach Group,Nordic Growth Market,2276880.00
STUDBO.ST,Studentbostäder i Norden AB,First North Premier Stockholm,74833743.49
SVIK.ST,Studsvik AB,Nasdaq Stockholm Small Cap,155212262.88
SUBGEN.ST,Subgen AI AB,First North Stockholm,4298460.96
SUMMAS.ST,Summa Defence Oyj,First North Stockholm,17559647.07
STRD-B.ST,Suntrade Group AB ser. B,Spotlight Stockholm,6836099.74
SUS.ST,Surgical Science Sweden AB,First North Stockholm,222643733.71
SENS.ST,Sustainable Energy Solutions Sweden Holding,Nordic Growth Market,1252773.01
SUSG.ST,Sustainion Group AB,Spotlight Stockholm,37234872.93
SVED-B.ST,Svedbergs Group AB ser. B,Nasdaq Stockholm Mid Cap,264522823.58
AERO.ST,Svenska Aerogel Holding AB,First North Stockholm,3294306.81
BUY.ST,Sweden BuyersClub AB,First North Stockholm,0.00
SYNACT.ST,SynAct Pharma AB,Nasdaq Stockholm Small Cap,88309293.19
SYNEXO.ST,Synexo Group,Nordic Growth Market,4399331.35
SYNT.ST,SyntheticMR AB,Spotlight Stockholm,4493908.12
SODER.ST,Söder Sportfiske AB,First North Stockholm,11782766.46
TAGM-B.ST,TagMaster AB ser. B,First North Premier Stockholm,40296687.25
TALK.ST,TalkPool AG,First North Stockholm,11026542.27
TCC-A.ST,TCECUR Sweden A,Nordic Growth Market,16445238.34
TELLUS.ST,Tellusgruppen AB,First North Stockholm,10766650.57
TSEC.ST,Tempest Security AB,First North Premier Stockholm,8789700.44
TENEO.ST,Teneo AI AB,First North Stockholm,8906744.89
TERNOR.ST,Terranor Group AB,First North Stockholm,68995633.19
TESSIN.ST,Tessin Nordic Holding AB,Spotlight Stockholm,836424.19
THINC.ST,Thinc,Nordic Growth Market,2384489.78
TPGR.ST,Time People Group,Nordic Growth Market,744427.69
TINGS-A.ST,Tingsvalvet Fastighets AB ser. A,First North Stockholm,65713505.50
TINGS-B.ST,Tingsvalvet Fastighets AB ser. B,First North Stockholm,65713505.50
TINGS-PREF.ST,Tingsvalvet Fastighets AB ser. PREF,First North Stockholm,0.00
TITA-B.ST,Titania Holding AB ser. B,First North Stockholm,56981690.83
TOBII.ST,Tobii AB,Nasdaq Stockholm Small Cap,22167255.55
TOUCH.ST,Touchtech AB,Spotlight Stockholm,4104961.40
TRAIN-B.ST,Train Alliance AB ser. B,First North Stockholm,42726131.09
TRML.ST,Trainimal,Nordic Growth Market,862231.79
TRNSF.ST,Transfer Group,Nordic Growth Market,5046051.88
TRAN-A.ST,Transferator AB ser. A,Spotlight Stockholm,11790635.20
TRAN-B.ST,Transferator AB ser. B,Spotlight Stockholm,12113064.98
TIRO.ST,Transiro Holding,Nordic Growth Market,1662144.19
TRANS.ST,Transtema Group AB,Nasdaq Stockholm Small Cap,25789450.74
TRIBO-B.ST,Tribox Group AB ser. B,First North Stockholm,6323293.45
TRIONA.ST,Triona,Nordic Growth Market,16859545.15
TURA.ST,Tura Group AB,Spotlight Stockholm,23647968.12
UMIDA-B.ST,Umida Group AB ser. B,Spotlight Stockholm,2113168.21
UNIBAP.ST,Unibap Space Solutions AB,First North Stockholm,60674781.22
UTG.ST,Unlimited Travel Group AB,First North Stockholm,22075728.21
UPGRAD.ST,Upgrade Invest Nordic AB,Spotlight Stockholm,0.00
UPSALE.ST,Upsales Technology AB,First North Stockholm,41912112.49
USWE.ST,USWE Sports AB,First North Stockholm,4456434.50
VALUNO.ST,Valuno Group,Nordic Growth Market,2021653.54
VAXXA.ST,Vaxxa AB,Spotlight Stockholm,1579404.72
VEFAB.ST,VEF AB,Nasdaq Stockholm Mid Cap,171802030.57
VERT-B.ST,Vertiseit AB ser. B,First North Stockholm,168572806.29
VER.ST,Verve Group Media SE,First North Premier Stockholm,214807955.28
VPAB-B.ST,Veteranpoolen AB ser. B,Spotlight Stockholm,107872475.63
VSD-B.ST,VibroSense Dynamics AB ser. B,Spotlight Stockholm,2349015.46
VICO.ST,Vicore Pharma Holding AB,Nasdaq Stockholm Mid Cap,260626313.19
VSSAB-B.ST,Viking Supply Ships AB ser. B,First North Stockholm,178140376.42
VIMAB.ST,Vimab Group AB,First North Stockholm,15618603.93
VIVA.ST,Viva Wine Group AB,Nasdaq Stockholm Mid Cap,299033883.76
VIVE.ST,Vivesto AB,Nasdaq Stockholm Small Cap,8373629.34
VNV.ST,VNV Global AB,Nasdaq Stockholm Mid Cap,205102832.14
VO2.ST,VO2 Cap Holding AB,First North Stockholm,9861318.52
VOLO.ST,Volati AB,Nasdaq Stockholm Mid Cap,169562503.14
VOLO-PREF.ST,Volati AB Pref,Nasdaq Stockholm Mid Cap,0.00
VUXEN.ST,Vuxen Group AB,First North Stockholm,0.00
VH.ST,Västra Hamnen Corporate Finance AB,First North Stockholm,2310917.03
W5.ST,W5 Solutions AB,First North Stockholm,56542521.40
WTW-A.ST,Wall to Wall Group AB A,Nasdaq Stockholm Small Cap,36312046.29
WAYS.ST,Waystream Group AB,First North Stockholm,29639045.68
WRV.ST,WebRock Ventures AB,First North Stockholm,4612715.11
WPAY.ST,Westpay AB,First North Stockholm,9983982.97
WPTG-B.ST,White Pearl Technology Group AB ser. B,First North Stockholm,4809325.41
WHITE-B.ST,White Pebbles AB B,Spotlight Stockholm,0.00
WEG.ST,Windon Energy Group AB,Spotlight Stockholm,0.00
WISE.ST,Wise Group AB,Nasdaq Stockholm Small Cap,9875996.33
WONDR.ST,Wonderboo Holding,Nordic Growth Market,0.00
WTG.ST,Wonderful Times Group AB,Spotlight Stockholm,5229986.29
WSG.ST,WS WeSports Group AB,First North Premier Stockholm,163285256.86
WYLD.ST,Wyld Networks AB,First North Stockholm,4222772.40
WBGR-B.ST,Wästbygg Gruppen AB ser. B,Nasdaq Stockholm Small Cap,40577233.80
XANO-B.ST,XANO Industri AB ser. B,Nasdaq Stockholm Mid Cap,254658466.46
XBRANE.ST,Xbrane Biopharma AB,Nasdaq Stockholm Small Cap,18535815.20
XER.ST,Xer Tech Holding AB,Spotlight Stockholm,12895664.02
XINT.ST,Xintela AB,First North Stockholm,12411268.91
XMR.ST,XMReality AB,First North Stockholm,2345041.66
XOM-B.ST,Xoma AB B,Spotlight Stockholm,0.00
XPC.ST,XP Chemistries AB,First North Stockholm,5456880.52
XSPRAY.ST,Xspray Pharma AB,Nasdaq Stockholm Small Cap,40045263.84
ZAPLOX.ST,Zaplox AB,First North Stockholm,3664966.99
ZENZIP-B.ST,Zenergy AB ser. B,Spotlight Stockholm,2981449.26
ZENI.ST,Zenicor Medical Systems AB,Spotlight Stockholm,2106350.39
ZENA-SDR.ST,Zenith Energy Ltd. SDR,Spotlight Stockholm,0.00
ZOOM.ST,Zoomability Int AB,Spotlight Stockholm,4220795.11
KLEE-B.CO,Brd. Klee B A/S,Nasdaq Kööpenhamina Small Cap,26427466.49
AAB.CO,Aalborg Boldspilklub A/S,Nasdaq Kööpenhamina Small Cap,11012384.45
AGAT.CO,Agat Ejendomme A/S,Nasdaq Kööpenhamina Small Cap,20714709.92
AGF-B.CO,AGF A/S B,Nasdaq Kööpenhamina Small Cap,72386058.98
AGILC.CO,Agillic A/S,First North Tanska,10434076.81
ALEFRM.CO,Alefarm Brewing A/S,First North Tanska,5576541.55
ATLA-DKK.CO,Atlantic Petroleum P/F,Nasdaq Kööpenhamina Small Cap,2686648.93
BACTIQ.CO,BactiQuant A/S,First North Tanska,11015129.36
BO.CO,Bang & Olufsen A/S,Nasdaq Kööpenhamina Mid Cap,188883763.27
BARDJU.CO,BAR DJUS A/S,First North Tanska,0.00
BIOPOR.CO,BioPorto A/S,Nasdaq Kööpenhamina Small Cap,77649086.86
BIF.CO,Brøndbyernes IF Fodbold A/S,Nasdaq Kööpenhamina Small Cap,45871265.42
CBRAIN.CO,cBrain A/S,Nasdaq Kööpenhamina Mid Cap,193490976.81
CEMAT.CO,Cemat A/S,Nasdaq Kööpenhamina Small Cap,28334230.16
CESSA.CO,Cessatech A/S,Spotlight Tanska,22610462.20
COLUM.CO,Columbus A/S,Nasdaq Kööpenhamina Mid Cap,166777479.89
CPHCAP-PREF32.CO,Copenhagen Capital A/S 40% Pref 2032,Nasdaq Kööpenhamina Small Cap,0.00
CPHCAP-ST.CO,Copenhagen Capital A/S Stam,Nasdaq Kööpenhamina Small Cap,49282754.42
CURAS.CO,Curasight A/S,Spotlight Tanska,65256359.38
DADC.CO,Danish Aerospace and Defence Company A/S,First North Tanska,7858053.49
DANT.CO,Dantax A/S,Nasdaq Kööpenhamina Small Cap,13561721.18
DATA.CO,Dataproces Group A/S,First North Tanska,19950263.27
OKEAC.CO,Det Østasiatiske Kompagni A/S,Nasdaq Kööpenhamina Small Cap,9337399.46
DONKEY.CO,DonkeyRepublic Holding A/S,First North Tanska,46148588.61
EGNETY.CO,"EgnsINVEST Ejd., Tyskland A/S",First North Tanska,43952121.72
ESG.CO,Ennogie Solar Group A/S,Nasdaq Kööpenhamina Small Cap,6899122.92
ERRIA.CO,Erria A/S,First North Tanska,12793318.90
FED.CO,Fast Ejendom Danmark A/S,Nasdaq Kööpenhamina Small Cap,77887567.56
FASTPC.CO,FastPassCorp A/S,First North Tanska,6153735.52
FFARMS.CO,FirstFarms A/S,Nasdaq Kööpenhamina Small Cap,114583446.11
FLUG-B.CO,Flügger group A/S B,Nasdaq Kööpenhamina Small Cap,149093100.00
FOM.CO,FOM Technologies A/S,First North Tanska,3726036.46
FREETR.CO,Freetrailer Group A/S,Spotlight Tanska,79132977.75
FYNBK.CO,Fynske Bank A/S,Nasdaq Kööpenhamina Small Cap,204237231.64
GABR.CO,Gabriel Holding A/S,Nasdaq Kööpenhamina Small Cap,58777479.89
GERHSP.CO,German High Street Properties A/S,Nasdaq Kööpenhamina Small Cap,36495153.35
GJ.CO,Glunz & Jensen Holding A/S,Nasdaq Kööpenhamina Small Cap,19043177.21
GREENM.CO,GreenMobility A/S,Nasdaq Kööpenhamina Small Cap,51868976.68
GRLA.CO,Grønlandsbanken A/S,Nasdaq Kööpenhamina Mid Cap,272654155.50
GYLD-A.CO,Gyldendal A A/S,Nasdaq Kööpenhamina Small Cap,113075067.02
GYLD-B.CO,Gyldendal B A/S,Nasdaq Kööpenhamina Small Cap,113075067.02
HH.CO,H+H International A/S,Nasdaq Kööpenhamina Mid Cap,215327801.61
HARB-B.CO,Harboes Bryggeri B A/S,Nasdaq Kööpenhamina Small Cap,71887073.19
HOVE.CO,Hove A/S,First North Tanska,24131009.52
HUSCO.CO,HusCompagniet A/S,Nasdaq Kööpenhamina Small Cap,84731389.54
HVID.CO,Hvidbjerg Bank A/S,Nasdaq Kööpenhamina Small Cap,40652616.49
IMPERO.CO,Impero A/S,First North Tanska,26381416.22
3NOV25.CO,Investeringsselskabet af 3. november 2025 A/S,Nasdaq Kööpenhamina Small Cap,3084882.17
KONSOL.CO,Konsolidator A/S,First North Tanska,13920600.00
KRE.CO,Kreditbanken A/S,Nasdaq Kööpenhamina Small Cap,227723860.59
LOLB.CO,Lollands Bank A/S,Nasdaq Kööpenhamina Small Cap,124793565.68
LUXOR-B.CO,Luxor B A/S,Nasdaq Kööpenhamina Small Cap,103217158.18
MDUNDO.CO,Mdundo.com A/S,First North Tanska,4136894.10
MENDO.CO,Mendole A/S,Spotlight Tanska,0.00
MONSO.CO,Monsenso A/S,First North Tanska,3294257.64
MOVINN.CO,Movinn A/S,First North Tanska,3297754.29
MTHH.CO,MT Højgaard Holding A/S,Nasdaq Kööpenhamina Mid Cap,281942766.76
MNBA.CO,Møns Bank A/S,Nasdaq Kööpenhamina Small Cap,105616862.73
NEWCAP.CO,NewCap Holding A/S,Nasdaq Kööpenhamina Small Cap,18263276.54
NEXCOM.CO,Nexcom A/S,First North Tanska,6225347.45
NNIT.CO,NNIT A/S,Nasdaq Kööpenhamina Mid Cap,127606597.72
NORTHM.CO,North Media A/S,Nasdaq Kööpenhamina Small Cap,117000348.53
PFINV.CO,Papirfabrikken Invest A/S,Nasdaq Kööpenhamina Small Cap,41685850.13
PARKST-A.CO,Park Street A/S A,Nasdaq Kööpenhamina Small Cap,87227710.46
PARKEN.CO,PARKEN Sport & Entertainment A/S,Nasdaq Kööpenhamina Mid Cap,269554230.83
PEG.CO,Pharma Equity Group A/S,Nasdaq Kööpenhamina Small Cap,13328618.36
PRIMOF.CO,Prime Office A/S,Nasdaq Kööpenhamina Small Cap,119428053.08
QINTER.CO,Q-Interline A/S,First North Tanska,8657642.49
RIAS-B.CO,Rias B A/S,Nasdaq Kööpenhamina Small Cap,20095107.24
RISK.CO,Risk Intelligence A/S,Spotlight Tanska,1031109.92
RBLN-B.CO,Roblon B A/S,Nasdaq Kööpenhamina Small Cap,23490442.36
ROV.CO,Rovsing A/S,Nasdaq Kööpenhamina Small Cap,5725487.13
RTX.CO,RTX A/S,Nasdaq Kööpenhamina Small Cap,107624396.25
SIG.CO,Scandinavian Investment Group A/S,Nasdaq Kööpenhamina Small Cap,22903946.92
SMSMED.CO,Scandinavian Medical Solutions A/S,First North Tanska,10165938.47
SHAPE.CO,Shape Robotics A/S,Nasdaq Kööpenhamina Small Cap,12709243.03
SOLAR-B.CO,Solar B A/S,Nasdaq Kööpenhamina Mid Cap,209491979.09
STENO.CO,STENOCARE A/S,First North Tanska,5327117.96
STRINV.CO,Strategic Investments A/S,Nasdaq Kööpenhamina Small Cap,35808965.15
STRAP.CO,Strategic Partners A/S,Nasdaq Kööpenhamina Small Cap,4751120.64
SWISS.CO,Swiss Properties Invest A/S,First North Tanska,33609027.35
TCM.CO,TCM Group A/S,Nasdaq Kööpenhamina Small Cap,86627287.67
TRIFOR.CO,Trifork Group AG,Nasdaq Kööpenhamina Mid Cap,282686858.58
TGAMES.CO,TROPHY GAMES Development A/S,First North Tanska,55973887.40
UNLGRP.CO,Unlimit Group A/S,First North Tanska,6714583.91
VIRO.CO,ViroGates A/S,First North Tanska,13313168.10
WMA.CO,WindowMaster International A/S,First North Tanska,15212144.77
WIRTEK.CO,Wirtek A/S,First North Tanska,4311435.92
5PG.OL,5TH PLANET GAMES,Euronext Expand Oslo,30119532.41
2020.OL,2020 BULKERS,Euronext Oslo,7079874.14
AASB.OL,AASEN SPAREBANK,Euronext Growth,19805797.76
ACED.OL,ACE DIGITAL AS,Euronext Growth,4361180.17
ADS.OL,ADS MARITIME HOLDING PLC,Euronext Growth,15985802.93
AGLX.OL,AGILYX ASA,Euronext Oslo,179564544.74
AKOBO.OL,AKOBO MINERALS AB (PUB),Euronext Growth,35475713.36
ALNG.OL,ALNG ASA,Euronext Expand Oslo,64079079.74
ANDF.OL,ANDFJORD SALMON GROUP AS,Euronext Growth,292519642.41
APR.OL,APPEAR ASA,Euronext Oslo,119687602.50
ABTEC.OL,AQUA BIO TECHNOLOGY,Euronext Oslo,6701866.64
AQUA.OL,AQUALIS ASA,Euronext Oslo,101201766.55
ARCH.OL,ARCHER,Euronext Oslo,195751192.41
ABS.OL,ARCTIC BIOSCIENCE AS,Euronext Growth,6483444.31
AFISH.OL,ARCTIC FISH HOLDING AS,Euronext Growth,103198043.53
AZT.OL,ARCTICZYMES TECHNOLOGIES,Euronext Oslo,90695744.31
ARR.OL,ARRIBATEC GROUP ASA,Euronext Oslo,33258377.07
ASA.OL,ATLANTIC SAPPHIRE,Euronext Oslo,2408242.33
AURG.OL,AURSKOG SPAREBANK,Euronext Oslo,102414522.16
AIX.OL,AYFIE INTERNATIONAL AS,Euronext Growth,7474978.88
BALT.OL,BALTIC SEA PROPERTIES,Euronext Growth,35948135.17
BARRA.OL,BARRAMUNDI GROUP LTD.,Euronext Growth,0.00
BCS.OL,BERGEN CARBON SOLUTIONS AS,Euronext Growth,23373026.21
BINT.OL,BEVEST ASA,Euronext Oslo,193073978.45
BIEN.OL,BIEN SPAREBANK ASA,Euronext Oslo,72961163.97
BSP.OL,BLACK SEA PROPERTY,Euronext Growth,915712.50
BOR.OL,BORGESTAD,Euronext Oslo,51976712.59
BRUT.OL,BRUTON LIMITED,Euronext Growth,249319466.98
BMA.OL,BYGGMA,Euronext Growth,133646315.69
CAPSL.OL,CAPSOL TECHNOLOGIES ASA,Euronext Oslo,33642385.34
CAVEN.OL,CAVENDISH HYDROGEN ASA,Euronext Oslo,19383144.14
CODE.OL,CODELAB CAPITAL AS,Euronext Growth,6641741.72
CONTX.OL,CONTEXTVISION,Euronext Oslo,28477788.79
CYVIZ.OL,CYVIZ AS,Euronext Growth,25715363.53
DVD.OL,DEEP VALUE DRILLER AS,Euronext Growth,168322846.72
DELIA.OL,DELLIA GROUP,Euronext Oslo,80205517.24
DSRT.OL,DESERT CONTROL AS,Euronext Growth,13679894.74
DDRIL.OL,DOLPHIN DRILLING AS,Euronext Growth,75672182.59
EAM.OL,EAM SOLAR AS,Euronext Growth,8453914.14
EIOF.OL,EIDESVIK OFFSHORE,Euronext Oslo,109474999.48
ELABS.OL,ELLIPTIC LABORATORIES ASA,Euronext Oslo,41985192.16
ENERG.OL,ENERGEIA AS,Euronext Growth,4941615.60
ENSU.OL,ENSURGE MICROPOWER ASA,Euronext Oslo,49314265.78
ENVIP.OL,ENVIPCO HOLDING N.V.,Euronext Oslo,196289533.02
EQVA.OL,EQVA ASA,Euronext Oslo,22511107.93
EXTX.OL,EXACT THERAPEUTICS,Euronext Growth,7500376.55
DFENS.OL,FJORD DEFENCE GROUP ASA,Euronext Oslo,141772872.24
FFSB.OL,FLEKKEFJORD SPAREBANK,Euronext Growth,15183878.02
GENO.OL,GENERAL OCEANS ASA,Euronext Oslo,282064961.98
GEAN.OL,Genetic Analysis AS,Spotlight Norja,3168474.66
GENT.OL,GENTIAN DIAGNOSTICS ASA,Euronext Oslo,51306640.00
GIGA.OL,GIGANTE SALMON AS,Euronext Growth,94098367.67
GOLDR.OL,GOLD ROAD INTERNATIONAL P.L.C,Euronext Growth,0.00
GEOS.OL,GOLDEN ENERGY OFFSHORE SERVICES ASA,Euronext Growth,39316916.90
GOD.OL,GOODTECH,Euronext Oslo,34712586.12
GEM.OL,GREEN MINERALS AS,Euronext Growth,2160117.93
GSF.OL,GRIEG SEAFOOD,Euronext Oslo,259588810.09
GRONG.OL,GRONG SPAREBANK,Euronext Growth,62669217.67
GYL.OL,GYLDENDAL,Euronext Oslo,90296333.97
HGSB.OL,HAUGESUND SPAREBANK,Euronext Oslo,72466772.41
HAV.OL,HAV GROUP ASA,Euronext Growth,39827586.21
HKY.OL,HAVILA KYSTRUTEN AS,Euronext Growth,73791870.69
HAVI.OL,HAVILA SHIPPING,Euronext Oslo,26923851.12
HERMA.OL,HERMANA HOLDING ASA,Euronext Oslo,17771358.62
HPUR.OL,HEXAGON PURUS ASA,Euronext Oslo,21793690.09
HBC.OL,HOFSETH BIOCARE,Euronext Oslo,60552321.81
HUDL.OL,HUDDLESTOCK FINTECH,Euronext Growth,13780324.66
HDLY.OL,HUDDLY AS,Euronext Growth,60754426.29
HUNT.OL,HUNTER GROUP,Euronext Expand Oslo,179767245.52
HYPRO.OL,HYDROGENPRO ASA,Euronext Oslo,6252477.33
HYN.OL,HYNION AS,Euronext Growth,1268226.90
HSPG.OL,HØLAND OG SETSKOG SPAREBANK,Euronext Oslo,7181438.79
ISLAX.OL,ICELANDIC SALMON,Euronext Growth,150596687.76
IDEX.OL,IDEX BIOMETRICS,Euronext Oslo,40920417.41
INDCT.OL,INDUCT,Euronext Growth,2766997.33
INIFY.OL,INIFY LABORATORIES AB,Euronext Growth,52869088.45
ININ.OL,ININ GROUP AS,Euronext Growth,39725334.31
INSTA.OL,INSTABANK,Euronext Growth,198349802.41
IWS.OL,INTEGRATED WIND SOLUTIONS ASA,Euronext Oslo,196746770.26
IOX.OL,INTEROIL EXPLORATION AND PRODUCTION,Euronext Oslo,6815195.43
ITERA.OL,ITERA,Euronext Oslo,41663595.52
JACK.OL,JACKTEL AS,Euronext Growth,105119809.31
JIN.OL,JINHUI SHIPPING AND TRANSPORTATION,Euronext Oslo,65872099.48
JAREN.OL,JÆREN SPAREBANK,Euronext Oslo,141996075.34
KLDVK.OL,KALDVIK AS,Euronext Growth,81120429.57
KOMPL.OL,KOMPLETT ASA,Euronext Oslo,104297759.57
KOA.OL,KONGSBERG AUTOMOTIVE,Euronext Oslo,157197121.90
KRAB.OL,KRAFT BANK ASA,Euronext Growth,46525862.07
LIFE.OL,LIFECARE ASA,Euronext Oslo,9964040.52
LOKO.OL,LOKOTECH GROUP AS,Euronext Growth,41094288.10
LUMI.OL,LUMI EDUCATION GROUP AS,Euronext Growth,97503640.52
LYTIX.OL,LYTIX BIOPHARMA ASA,Euronext Growth,55553624.31
MVW.OL,M VEST WATER AS,Euronext Growth,19620287.24
MGN.OL,MAGNORA,Euronext Oslo,132987280.00
MDATA.OL,MAGNORA DATA CENTER ASA,Euronext Growth,128294389.66
MELG.OL,MELHUS SPAREBANK,Euronext Oslo,43917007.59
MPCES.OL,MPC ENERGY SOLUTIONS N.V.,Euronext Growth,3756731.98
NAVA.OL,NAVAMEDIC,Euronext Oslo,28632938.36
NKR.OL,NEKKAR,Euronext Oslo,120189833.97
NEXT.OL,NEXT BIOMETRICS GROUP,Euronext Oslo,1421404.05
NISB.OL,NIDAROS SPAREBANK,Euronext Growth,10404257.16
NORAM.OL,NORAM DRILLING AS,Euronext Growth,173242411.47
NCOD.OL,NORCOD,Euronext Growth,80249434.91
NORDH.OL,NORDHEALTH AS A-AKSJER,Euronext Growth,171350204.14
NOAP.OL,NORDIC AQUA PARTNERS AS,Euronext Growth,160925877.84
NOFIN.OL,NORDIC FINANCIALS ASA,Euronext Oslo,2427801.12
NOHAL.OL,NORDIC HALIBUT AS,Euronext Growth,134222475.09
NOM.OL,NORDIC MINING,Euronext Oslo,20767294.05
NTG.OL,NORDIC TECHNOLOGY GROUP AS,Euronext Growth,19606984.57
NORSE.OL,NORSE ATLANTIC ASA,Euronext Expand Oslo,75559166.98
NTI.OL,NORSK TITANIUM AS,Euronext Growth,136584428.88
NORTH.OL,NORTH ENERGY,Euronext Expand Oslo,25679033.79
NOL.OL,NORTHERN OCEAN LTD.,Euronext Oslo,195865963.53
NBX.OL,NORWEGIAN BLOCK EXCHANGE AS,Euronext Growth,14546203.79
NOSN.OL,NOS NOVA AS,Euronext Growth,3979803.19
NRC.OL,NRC GROUP,Euronext Oslo,167538358.28
NYKD.OL,NYKODE THERAPEUTICS ASA,Euronext Oslo,130171846.81
OBSRV.OL,OBSERVE MEDICAL,Euronext Oslo,11713458.19
OCEAN.OL,OCEAN GEOLOOP ASA,Euronext Growth,10806256.64
OSUN.OL,OCEAN SUN,Euronext Growth,3371430.78
OTL.OL,ODFJELL TECHNOLOGY LTD,Euronext Oslo,207525507.50
OMDA.OL,OMDA AS,Euronext Growth,74173269.14
ONCIN.OL,ONCOINVENT ASA,Euronext Oslo,54628905.00
OTEC.OL,OTELLO CORPORATION,Euronext Oslo,115168061.55
OTOVO.OL,OTOVO ASA,Euronext Oslo,76558645.17
PLGC.OL,PELAGIC CREDIT PLC,Euronext Growth,52540131.29
PLCAN.OL,PELICAN AQUA HOLDING PLC,Euronext Growth,0.00
PSE.OL,PETROLIA,Euronext Oslo,32595835.00
PNOR.OL,PETRONOR E&P ASA,Euronext Oslo,160863934.40
PHO.OL,PHOTOCURE,Euronext Oslo,119041920.43
PPG.OL,PIONEER PROPERTY GROUP,Euronext Expand Oslo,90647578.36
POLAR.OL,POLAR RESOURCES AS,Euronext Growth,0.00
POL.OL,POLARIS MEDIA,Euronext Oslo,263638456.12
PLT.OL,POLIGHT,Euronext Oslo,259420658.97
PRS.OL,PROSAFE,Euronext Oslo,162391430.78
PROXI.OL,PROXIMAR SEAFOOD AS,Euronext Growth,18949685.78
PYRUM.OL,PYRUM INNOVATIONS AG,Euronext Growth,122319221.29
QGAS.OL,QUESTERRE ENERGY CORP PREFERRED,Euronext Growth,0.00
QEC.OL,QUESTERRE ENERGY CORPORATION,Euronext Oslo,81069205.78
REACH.OL,REACH SUBSEA,Euronext Oslo,176953443.71
REFL.OL,REFUELS N.V.,Euronext Growth,75461042.07
RIVER.OL,RIVER TECH,Euronext Growth,2480375.60
ROGS.OL,ROGALAND SPAREBANK,Euronext Oslo,297692814.40
ROMER.OL,ROMERIKE SPAREBANK,Euronext Growth,99960083.10
ROM.OL,ROMREAL,Euronext Expand Oslo,9116791.47
SDSD.OL,S.D. STANDARD ETC PLC,Euronext Oslo,80460824.40
SAGA.OL,SAGA PURE,Euronext Oslo,90177720.34
SALME.OL,SALMON EVOLUTION ASA,Euronext Oslo,160708717.67
SCANA.OL,SCANA,Euronext Oslo,55744914.83
SBO.OL,SELVAAG BOLIG,Euronext Oslo,265987166.12
SKAND.OL,SKANDIA GREENPOWER AS,Euronext Growth,16381733.19
SKUE.OL,SKUE SPAREBANK,Euronext Oslo,164369683.97
SOFTX.OL,SOFTOX SOLUTIONS,Euronext Growth,24765105.00
SOGN.OL,SOGN SPAREBANK,Euronext Oslo,17339224.14
STECH.OL,SOILTECH ASA,Euronext Oslo,64506764.48
SNOR.OL,SPAREBANK 1 NORDMØRE,Euronext Oslo,145286245.26
SB68.OL,SPAREBANK 68 GRADER NORD,Euronext Growth,56758501.72
SPOG.OL,SPAREBANKEN ØST,Euronext Oslo,128247393.45
STST.OL,STAINLESS TANKERS ASA,Euronext Growth,47691338.71
STRO.OL,STRONGPOINT,Euronext Oslo,36598809.83
TECH.OL,TECHSTEP,Euronext Oslo,10068470.95
TEKNA.OL,TEKNA HOLDING ASA,Euronext Oslo,130689088.19
KING.OL,THE KINGFISH COMPANY,Euronext Growth,63469784.83
TRMED.OL,THOR MEDICAL ASA,Euronext Oslo,171186082.24
TINDE.OL,TINDE SPAREBANK,Euronext Growth,51681233.62
TRSB.OL,TRØNDELAG SPAREBANK,Euronext Oslo,45278750.00
VISTN.OL,VISTIN PHARMA,Euronext Oslo,72633383.45
VOIM.OL,VOIM ASA,Euronext Oslo,4105111.47
VVL.OL,VOSS VEKSEL- OG LANDMANDSBANK,Euronext Oslo,80549619.31
VOW.OL,VOW,Euronext Oslo,62274644.22
WSTEP.OL,WEBSTEP,Euronext Oslo,30795429.66
WEST.OL,WESTERN BULK CHARTERING AS,Euronext Growth,67534796.21
XPLRA.OL,XPLORA TECHNOLOGIES,Euronext Growth,103134963.36
ZAL.OL,ZALARIS,Euronext Oslo,188313836.21
ZLNA.OL,ZELLUNA,Euronext Oslo,52770730.69
ZENA.OL,ZENITH ENERGY,Euronext Growth,36479731.38
